PRAGMA foreign_keys=OFF;
BEGIN TRANSACTION;
CREATE TABLE images (
    id       INTEGER PRIMARY KEY AUTOINCREMENT,
    slug     TEXT NOT NULL,
    type     TEXT NOT NULL,
    filename TEXT NOT NULL,
    caption  TEXT,
    created  TEXT NOT NULL DEFAULT (datetime('now'))
  );
INSERT INTO images VALUES(1,'poppy','foto','1781957720250-lvtkuatl47.jpeg','IMG_3670 (1).jpeg','2026-06-20 12:15:20');
INSERT INTO images VALUES(2,'artemisia','herbarbeleg','1781957995918-n5iy0b56k2.JPG','artemisia_absinthium.JPG','2026-06-20 12:19:55');
CREATE TABLE plans (
    id      TEXT PRIMARY KEY,
    data    TEXT NOT NULL,
    updated TEXT NOT NULL DEFAULT (datetime('now'))
  );
INSERT INTO plans VALUES('betonbeete','{"versions":[{"id":"default","name":"Garten 1","bedAssignments":{},"placements":[{"id":"mqme3rhacm0","slug":"fagopyrum","x":-4.294,"z":-9.165},{"id":"mqme3xzjedd","slug":"fagopyrum","x":-3.949,"z":-9.937},{"id":"mqme43za7sd","slug":"fagopyrum","x":-3.629,"z":-8.88},{"id":"mqme4lhdsbt","slug":"fagopyrum","x":-2.714,"z":-10.174},{"id":"mqme4mni1al","slug":"fagopyrum","x":-2.381,"z":-9.462},{"id":"mqme4xgeiat","slug":"fagopyrum","x":1.027,"z":-10.091},{"id":"mqme4y5v6a5","slug":"fagopyrum","x":1.217,"z":-9.984},{"id":"mqme4z6wq3w","slug":"fagopyrum","x":0.897,"z":-9.806},{"id":"mqme50kfemk","slug":"fagopyrum","x":1.396,"z":-9.711},{"id":"mqme56p9gif","slug":"fagopyrum","x":2.37,"z":-8.915},{"id":"mqme57hzao3","slug":"fagopyrum","x":3.165,"z":-8.998},{"id":"mqme5anete7","slug":"fagopyrum","x":3.7,"z":-10.103},{"id":"mqme5bpt8pu","slug":"fagopyrum","x":4.424,"z":-9.2},{"id":"mqme5cfao5u","slug":"fagopyrum","x":4.282,"z":-8.975},{"id":"mqme5d0lw3l","slug":"fagopyrum","x":3.83,"z":-8.951},{"id":"mqme5du80tt","slug":"fagopyrum","x":4.068,"z":-9.224},{"id":"mqme5eqml27","slug":"fagopyrum","x":3.593,"z":-9.177},{"id":"mqme5faj3yx","slug":"fagopyrum","x":3.759,"z":-9.331},{"id":"mqme5g5jnrr","slug":"fagopyrum","x":3.332,"z":-9.307},{"id":"mqme5h0344c","slug":"fagopyrum","x":4.258,"z":-9.462},{"id":"mqme6c0gdrt","slug":"fagopyrum","x":2.868,"z":-8.939},{"id":"mqme6zwmrx0","slug":"fagopyrum","x":0.018,"z":3.615},{"id":"mqme70ufkeq","slug":"fagopyrum","x":0.089,"z":4.34},{"id":"mqme7sfy98w","slug":"borago","x":-4.234,"z":-9.675},{"id":"mqme7w064ui","slug":"borago","x":-2.536,"z":-9.972},{"id":"mqme8j2qm32","slug":"borago","x":-4.424,"z":-0.684},{"id":"mqme8r7tfcl","slug":"borago","x":-4.139,"z":-1.848},{"id":"mqmea0n0cgz","slug":"calendula_arvensis","x":-3.45,"z":-9.117},{"id":"mqmea18bih9","slug":"calendula_arvensis","x":-3.094,"z":-9.2},{"id":"mqmea1ujf4w","slug":"calendula_arvensis","x":-2.999,"z":-8.951},{"id":"mqmea5vwdb4","slug":"calendula_arvensis","x":-3.676,"z":-9.129},{"id":"mqmeauamdyq","slug":"calendula_arvensis","x":-0.172,"z":-7.205},{"id":"mqmeauuz2wa","slug":"calendula_arvensis","x":-0.35,"z":-7.134},{"id":"mqmeavjiy2o","slug":"calendula_arvensis","x":-0.647,"z":-7.347},{"id":"mqmeaw7lsan","slug":"calendula_arvensis","x":0.16,"z":-7.371},{"id":"mqmeculviid","slug":"atriplex","x":-3.605,"z":-9.248},{"id":"mqmecvk5wmm","slug":"atriplex","x":-3.474,"z":-9.652},{"id":"mqmed3hsqb7","slug":"atriplex","x":-3.13,"z":-9.474},{"id":"mqmedfupjj9","slug":"atriplex","x":-1.645,"z":-8.998},{"id":"mqmedi99ve1","slug":"calendula_arvensis","x":-1.384,"z":-8.963},{"id":"mqmedjq2jmo","slug":"calendula_arvensis","x":-1.17,"z":-8.88},{"id":"mqmedx1pvn6","slug":"atriplex","x":3.949,"z":-9.45},{"id":"mqmee35ls1u","slug":"atriplex","x":3.593,"z":-8.951},{"id":"mqmee4i7n10","slug":"atriplex","x":4.068,"z":-8.987},{"id":"mqmeellhgxv","slug":"atriplex","x":-3.106,"z":-8.12},{"id":"mqmeeu1o3kl","slug":"atriplex","x":-0.327,"z":-8.072},{"id":"mqmeeurl05d","slug":"atriplex","x":-0.172,"z":-7.751},{"id":"mqmeevpu6d3","slug":"atriplex","x":0.113,"z":-7.656},{"id":"mqmef3bxizk","slug":"atriplex","x":2.191,"z":-7.466},{"id":"mqmef4s8mtx","slug":"atriplex","x":3.937,"z":-8.096},{"id":"mqmef5i6vs0","slug":"atriplex","x":4.258,"z":-7.704},{"id":"mqmefiw4is8","slug":"atriplex","x":-3.581,"z":-5.447},{"id":"mqmefo4jldf","slug":"atriplex","x":-2.18,"z":-5.554},{"id":"mqmefszjrb6","slug":"atriplex","x":-0.754,"z":-5.21},{"id":"mqmefxfqmt9","slug":"atriplex","x":0.932,"z":-5.518},{"id":"mqmeg1iygoj","slug":"atriplex","x":2.12,"z":-5.91},{"id":"mqmeg2h8xq0","slug":"atriplex","x":2.381,"z":-5.459},{"id":"mqmeg8icriw","slug":"atriplex","x":3.7,"z":-5.328},{"id":"mqmegm7v48f","slug":"atriplex","x":-4.294,"z":-3.333},{"id":"mqmegmxc1a4","slug":"atriplex","x":-3.652,"z":-3.083},{"id":"mqmegrpkab9","slug":"atriplex","x":-2.94,"z":-3.428},{"id":"mqmegsnuzym","slug":"atriplex","x":-2.5,"z":-3.119},{"id":"mqmegwi9kth","slug":"atriplex","x":-1.479,"z":-4.129},{"id":"mqmeh3v3hwc","slug":"atriplex","x":3.581,"z":-3.654},{"id":"mqmeh4sefy5","slug":"atriplex","x":4.044,"z":-3.214},{"id":"mqmehbcz52i","slug":"atriplex","x":-3.819,"z":-1.611},{"id":"mqmehhyy6dk","slug":"atriplex","x":-2.94,"z":0.42},{"id":"mqmehimksxh","slug":"atriplex","x":-2.488,"z":0.218},{"id":"mqmehjete91","slug":"atriplex","x":-2.049,"z":0.444},{"id":"mqmehqk7w1c","slug":"atriplex","x":-1.502,"z":-0.684},{"id":"mqmehrc0fqp","slug":"atriplex","x":-1.134,"z":-0.375},{"id":"mqmehw0zhcj","slug":"atriplex","x":1.229,"z":0.052},{"id":"mqmei0ikl6l","slug":"atriplex","x":1.574,"z":-2.003},{"id":"mqmei1e155d","slug":"atriplex","x":1.847,"z":-1.587},{"id":"mqmei78ol75","slug":"atriplex","x":2.56,"z":0.563},{"id":"mqmeiahccyq","slug":"atriplex","x":4.389,"z":-1.836},{"id":"mqmeibcu2r8","slug":"atriplex","x":3.819,"z":-1.444},{"id":"mqmeic38hzv","slug":"atriplex","x":3.284,"z":-1.741},{"id":"mqmeiexztdi","slug":"atriplex","x":3.403,"z":-0.34},{"id":"mqmeifuvl2z","slug":"atriplex","x":4.341,"z":0.123},{"id":"mqmeq7ybkmj","slug":"atriplex","x":-1.087,"z":2.143},{"id":"mqmeq8o807x","slug":"atriplex","x":-0.6,"z":2},{"id":"mqmeqglvgqa","slug":"atriplex","x":-2.227,"z":2},{"id":"mqmeqloaura","slug":"atriplex","x":-3.878,"z":3.52},{"id":"mqmeqp6p50e","slug":"atriplex","x":-2.18,"z":3.508},{"id":"mqmeqpv9qow","slug":"atriplex","x":-1.835,"z":3.485},{"id":"mqmeqvi0w7e","slug":"atriplex","x":-1.016,"z":3.699},{"id":"mqmeqw9b881","slug":"atriplex","x":-0.695,"z":3.437},{"id":"mqmer0fbski","slug":"atriplex","x":-0.232,"z":3.366},{"id":"mqmer5b9zy0","slug":"atriplex","x":0.956,"z":3.485},{"id":"mqmern8mpj4","slug":"atriplex","x":-1.063,"z":5.385},{"id":"mqmertapmtp","slug":"atriplex","x":-0.327,"z":6.525},{"id":"mqmerzkmv7f","slug":"atriplex","x":1.004,"z":6.585},{"id":"mqmes0bxq7f","slug":"atriplex","x":1.324,"z":5.397},{"id":"mqmes6omx5i","slug":"atriplex","x":3.011,"z":6.537},{"id":"mqmesemrel2","slug":"atriplex","x":-2.963,"z":8.818},{"id":"mqmeshog8x3","slug":"atriplex","x":-0.184,"z":7.749},{"id":"mqmesirdiwh","slug":"atriplex","x":0.35,"z":9.067},{"id":"mqmesly6mdu","slug":"atriplex","x":1.134,"z":8.485},{"id":"mqmeuwz33zj","slug":"poppy","x":-0.291,"z":-8.927},{"id":"mqmeuy12opb","slug":"poppy","x":0.018,"z":-8.998},{"id":"mqmeuyzsyj8","slug":"poppy","x":0.41,"z":-8.987},{"id":"mqmev36pqa3","slug":"poppy","x":-0.754,"z":-8.998},{"id":"mqmev9vg83x","slug":"poppy","x":-1.978,"z":-8.975},{"id":"mqmevexveg7","slug":"poppy","x":-1.883,"z":-10.044},{"id":"mqmevyvgs25","slug":"poppy","x":-2.263,"z":-10.103},{"id":"mqmew4voo4m","slug":"poppy","x":-3.106,"z":-10.127},{"id":"mqmew83ek56","slug":"fagopyrum","x":-3.415,"z":-10.115},{"id":"mqmewmiv9nh","slug":"poppy","x":-2.75,"z":-9.129},{"id":"mqmewpzvy1c","slug":"calendula_arvensis","x":-2.441,"z":-9.082},{"id":"mqmewxzuvat","slug":"poppy","x":-0.73,"z":-10.079},{"id":"mqmex23zvnr","slug":"poppy","x":0.291,"z":-9.996},{"id":"mqmex2tg57x","slug":"poppy","x":0.659,"z":-10.056},{"id":"mqmexey0vim","slug":"poppy","x":-2.061,"z":-8.06},{"id":"mqmexjiuyy0","slug":"poppy","x":-2.833,"z":-8.025},{"id":"mqmexppjr4o","slug":"poppy","x":-0.849,"z":-8.12},{"id":"mqmexutt3wd","slug":"poppy","x":-0.053,"z":-6.944},{"id":"mqmexz3hr7l","slug":"poppy","x":0.445,"z":-8.108},{"id":"mqmey44ilht","slug":"poppy","x":0.552,"z":-7.3},{"id":"mqmey4y5nac","slug":"poppy","x":0.837,"z":-7.633},{"id":"mqmey7oavt5","slug":"poppy","x":1.182,"z":-7.585},{"id":"mqmey8hxrvh","slug":"poppy","x":1.55,"z":-7.241},{"id":"mqmeycpszgx","slug":"poppy","x":1.633,"z":-7.704},{"id":"mqmeyjatn64","slug":"poppy","x":2.417,"z":-8.025},{"id":"mqmeym3qqk5","slug":"poppy","x":2.773,"z":-7.003},{"id":"mqmeyn056q1","slug":"poppy","x":3.13,"z":-7.229},{"id":"mqmeyt2otui","slug":"poppy","x":4.246,"z":-8.048},{"id":"mqmezds2xm9","slug":"poppy","x":-4.401,"z":-5.174},{"id":"mqmezenj9en","slug":"poppy","x":-3.997,"z":-5.091},{"id":"mqmezfi3cfb","slug":"poppy","x":-3.534,"z":-4.948},{"id":"mqmezj8to4l","slug":"poppy","x":-4.365,"z":-4.853},{"id":"mqmezuhgzr7","slug":"poppy","x":-0.992,"z":-5.043},{"id":"mqmf00nong4","slug":"poppy","x":0.481,"z":-5.198},{"id":"mqmf03rpabu","slug":"poppy","x":4.08,"z":-5.649},{"id":"mqmf04lc9f6","slug":"poppy","x":4.222,"z":-5.031},{"id":"mqmf07by94e","slug":"poppy","x":3.581,"z":-5.756},{"id":"mqmf0hi66cf","slug":"poppy","x":-3.89,"z":-3.986},{"id":"mqmf0ldivoi","slug":"poppy","x":-3.439,"z":-3.784},{"id":"mqmf0s5yxxo","slug":"poppy","x":-2.536,"z":-4.022},{"id":"mqmf0tdy2yr","slug":"poppy","x":-2.928,"z":-2.977},{"id":"mqmf15c1wfq","slug":"poppy","x":1.217,"z":-4.057},{"id":"mqmf18mk7vp","slug":"poppy","x":2.215,"z":-3.796},{"id":"mqmf1bw584o","slug":"poppy","x":2.334,"z":-2.965},{"id":"mqmf1cqpi8e","slug":"poppy","x":2.845,"z":-2.941},{"id":"mqmf1dv0w7e","slug":"poppy","x":3.13,"z":-2.988},{"id":"mqmf1loyyu7","slug":"poppy","x":1.954,"z":-3.38},{"id":"mqmf1ww6c3l","slug":"poppy","x":-4.329,"z":-0.162},{"id":"mqmf1xowpcf","slug":"poppy","x":-3.89,"z":-0.185},{"id":"mqmf239cchb","slug":"poppy","x":-3.7,"z":-2.074},{"id":"mqmf23zq016","slug":"poppy","x":-3.272,"z":-2.098},{"id":"mqmf29wqm8i","slug":"poppy","x":-2.18,"z":0.539},{"id":"mqmf2efp8ss","slug":"poppy","x":-1.241,"z":-1.706},{"id":"mqmf2k58q0r","slug":"poppy","x":0.279,"z":-0.91},{"id":"mqmf2l0prm6","slug":"poppy","x":0.719,"z":0.23},{"id":"mqmf2qdrspo","slug":"poppy","x":2.346,"z":-2.062},{"id":"mqmf2r4mk21","slug":"poppy","x":2.655,"z":-1.777},{"id":"mqmf2s1h040","slug":"poppy","x":2.928,"z":-1.528},{"id":"mqmf2uwq24a","slug":"poppy","x":2.346,"z":-1.326},{"id":"mqmf2vzmxxx","slug":"poppy","x":2.773,"z":-1.136},{"id":"mqmf2x2zirc","slug":"poppy","x":2.191,"z":-1.682},{"id":"mqmf33l8kzz","slug":"poppy","x":3.355,"z":-1.349},{"id":"mqmf34fbq2i","slug":"poppy","x":3.189,"z":-2.157},{"id":"mqmf38totw2","slug":"poppy","x":2.465,"z":0.017},{"id":"mqmf3cm8kvg","slug":"poppy","x":1.693,"z":-1.052},{"id":"mqmf3dlf9uu","slug":"poppy","x":2.191,"z":0.408},{"id":"mqmf3indqfl","slug":"poppy","x":4.02,"z":0.254},{"id":"mqmgekqung1","slug":"poppy","x":-1.217,"z":1.418},{"id":"mqmgelmbnbn","slug":"poppy","x":-1.372,"z":1.774},{"id":"mqmgemejvy6","slug":"poppy","x":-1.633,"z":2.523},{"id":"mqmgeqwl98c","slug":"poppy","x":-2.156,"z":2.546},{"id":"mqmgerrmh11","slug":"poppy","x":-1.788,"z":1.549},{"id":"mqmgevl5212","slug":"poppy","x":-2.821,"z":2.594},{"id":"mqmgewi0iyp","slug":"poppy","x":-3.047,"z":1.477},{"id":"mqmgf3r4ukp","slug":"poppy","x":-0.208,"z":2.451},{"id":"mqmgf7lzzzu","slug":"poppy","x":-0.647,"z":1.406},{"id":"mqmgfgg2vat","slug":"poppy","x":-4.116,"z":4.364},{"id":"mqmgfh51j5b","slug":"poppy","x":-3.26,"z":3.734},{"id":"mqmgfi02s0v","slug":"poppy","x":-3.427,"z":4.233},{"id":"mqmgfk6a20z","slug":"poppy","x":-2.726,"z":4.34},{"id":"mqmgfksztq1","slug":"poppy","x":-2.726,"z":3.615},{"id":"mqmgflmm8wx","slug":"poppy","x":-3.201,"z":4.542},{"id":"mqmgfmzppnf","slug":"poppy","x":-3.89,"z":3.984},{"id":"mqmgfqblwkc","slug":"poppy","x":-4.341,"z":3.794},{"id":"mqmgftbhpan","slug":"poppy","x":-1.443,"z":3.592},{"id":"mqmgfyojb0c","slug":"poppy","x":0.291,"z":3.413},{"id":"mqmgg5a1ael","slug":"poppy","x":-1.134,"z":4.566},{"id":"mqmggfwg2us","slug":"poppy","x":2.084,"z":3.437},{"id":"mqmgggkibhk","slug":"poppy","x":2.346,"z":4.031},{"id":"mqmggh7o0nc","slug":"poppy","x":2.583,"z":3.532},{"id":"mqmgghtwxa2","slug":"poppy","x":3.189,"z":3.627},{"id":"mqmggif6nnk","slug":"poppy","x":2.821,"z":4.174},{"id":"mqmggj39ooo","slug":"poppy","x":3.379,"z":4.043},{"id":"mqmggm4z2qq","slug":"poppy","x":3.225,"z":4.554},{"id":"mqmggmtzwmm","slug":"poppy","x":3.605,"z":4.387},{"id":"mqmggnijpgb","slug":"poppy","x":4.127,"z":3.96},{"id":"mqmggoi6rvz","slug":"poppy","x":3.724,"z":3.746},{"id":"mqmggpbsui6","slug":"poppy","x":2.88,"z":3.782},{"id":"mqmgguz1s6w","slug":"poppy","x":-4.116,"z":6.407},{"id":"mqmggvlq9dh","slug":"poppy","x":-3.854,"z":5.884},{"id":"mqmggwa97it","slug":"poppy","x":-3.26,"z":6.145},{"id":"mqmggx2y5zb","slug":"poppy","x":-2.298,"z":6.407},{"id":"mqmggxsww43","slug":"poppy","x":-2.738,"z":5.931},{"id":"mqmggyr5awg","slug":"poppy","x":-3.545,"z":6.525},{"id":"mqmgh2emshs","slug":"poppy","x":-2.049,"z":5.54},{"id":"mqmgh5se0cv","slug":"poppy","x":-1.348,"z":5.908},{"id":"mqmgh6nevz6","slug":"poppy","x":-0.992,"z":5.753},{"id":"mqmgha91tl0","slug":"poppy","x":-0.837,"z":6.502},{"id":"mqmghdw2spa","slug":"poppy","x":0.243,"z":5.931},{"id":"mqmghi9x8zd","slug":"poppy","x":3.355,"z":6.573},{"id":"mqmghivp2yi","slug":"poppy","x":3.807,"z":6.549},{"id":"mqmghjln28f","slug":"poppy","x":4.341,"z":6.228},{"id":"mqmghnicr00","slug":"poppy","x":4.234,"z":6.561},{"id":"mqmghqry382","slug":"poppy","x":3.7,"z":5.979},{"id":"mqmghrmz8bm","slug":"poppy","x":3.51,"z":5.48},{"id":"mqmghsyofd0","slug":"poppy","x":4.08,"z":6.027},{"id":"mqmgi4a2ejj","slug":"poppy","x":-0.03,"z":8.818},{"id":"mqmgi50mcsy","slug":"poppy","x":-0.374,"z":8.236},{"id":"mqmgi5lrcxv","slug":"poppy","x":-0.73,"z":7.784},{"id":"mqmgi8h00f5","slug":"poppy","x":-1.027,"z":7.416},{"id":"mqmgi97dg8c","slug":"poppy","x":-0.92,"z":8.616},{"id":"mqmgi9xbjt2","slug":"poppy","x":-0.469,"z":8.746},{"id":"mqmgian8toa","slug":"poppy","x":-0.576,"z":9.471},{"id":"mqmgicnhih8","slug":"poppy","x":-0.065,"z":9.352},{"id":"mqmgidh3r7x","slug":"poppy","x":-1.087,"z":9.34},{"id":"mqmgifoq7pl","slug":"poppy","x":-1.621,"z":9.233},{"id":"mqmgigccxed","slug":"poppy","x":-2.358,"z":9.447},{"id":"mqmgih36gw3","slug":"poppy","x":-1.883,"z":9.578},{"id":"mqmgii4od5p","slug":"poppy","x":-2.88,"z":9.602},{"id":"mqmgijvn2yo","slug":"poppy","x":-3.308,"z":9.578},{"id":"mqmgim1vwy7","slug":"poppy","x":-2.251,"z":10.017},{"id":"mqmgimu5ze5","slug":"poppy","x":-1.194,"z":9.899},{"id":"mqmginmd1jo","slug":"poppy","x":-0.113,"z":9.899},{"id":"mqmgipwrhiu","slug":"poppy","x":0.742,"z":9.281},{"id":"mqmgir6lccc","slug":"poppy","x":1.479,"z":9.127},{"id":"mqmgituwxzo","slug":"poppy","x":2.381,"z":8.841},{"id":"mqmgiuijjdp","slug":"poppy","x":2.785,"z":8.461},{"id":"mqmgiv57yb1","slug":"poppy","x":2.845,"z":7.713},{"id":"mqmgivqy9q6","slug":"poppy","x":3.581,"z":7.535},{"id":"mqmgiwbcsbg","slug":"poppy","x":4.27,"z":7.535},{"id":"mqmgiwublwr","slug":"poppy","x":4.246,"z":8.675},{"id":"mqmgixda42x","slug":"poppy","x":3.581,"z":8.295},{"id":"mqmgixzz93l","slug":"poppy","x":3.284,"z":7.903},{"id":"mqmgiyjggh0","slug":"poppy","x":4.032,"z":7.939},{"id":"mqmgizaq04k","slug":"poppy","x":4.151,"z":9.352},{"id":"mqmgj02imn0","slug":"poppy","x":4.222,"z":9.994},{"id":"mqmgj0p7hzf","slug":"poppy","x":3.522,"z":10.005},{"id":"mqmgj194ws6","slug":"poppy","x":2.809,"z":9.97},{"id":"mqmgj1vsfeu","slug":"poppy","x":1.894,"z":10.065},{"id":"mqmgj2g6mge","slug":"poppy","x":0.79,"z":9.994},{"id":"mqmgj302mub","slug":"poppy","x":0.445,"z":9.78},{"id":"mqmgj3kg2a1","slug":"poppy","x":1.206,"z":9.697},{"id":"mqmgj49w83s","slug":"poppy","x":1.396,"z":10.172},{"id":"mqmgj4ygupt","slug":"poppy","x":1.989,"z":9.471},{"id":"mqmgj5k8qtp","slug":"poppy","x":2.666,"z":9.245},{"id":"mqmgj65isry","slug":"poppy","x":3.237,"z":8.758},{"id":"mqmgj6wdl7s","slug":"poppy","x":3.771,"z":8.901},{"id":"mqmgj7hotfa","slug":"poppy","x":3.391,"z":9.447},{"id":"mqmgj88istl","slug":"poppy","x":3.058,"z":9.127},{"id":"mqmgj925q5h","slug":"poppy","x":2.346,"z":9.697},{"id":"mqmgj9sj537","slug":"poppy","x":2.31,"z":10.16},{"id":"mqmgjakagoy","slug":"poppy","x":3.842,"z":9.625},{"id":"mqmgjbczb1m","slug":"poppy","x":3.011,"z":9.566},{"id":"mqmgjcgcmbi","slug":"poppy","x":3.759,"z":9.269},{"id":"mqmgjd9238w","slug":"poppy","x":3.985,"z":8.378},{"id":"mqmgje4jxpd","slug":"poppy","x":4.389,"z":8.093},{"id":"mqmgjf6in6d","slug":"poppy","x":3.177,"z":8.354},{"id":"mqmgjgop2m9","slug":"poppy","x":3.165,"z":10.041},{"id":"mqmgk0rd48b","slug":"poppy","x":3.878,"z":10.136},{"id":"mqmgk1md2vi","slug":"poppy","x":4.46,"z":9.079},{"id":"mqmgk2isahv","slug":"poppy","x":1.586,"z":9.756},{"id":"mqmgk3g45jx","slug":"poppy","x":0.208,"z":10.219},{"id":"mqmgk4c3ndu","slug":"poppy","x":-0.612,"z":10.029},{"id":"mqmgk5fw8dy","slug":"poppy","x":-1.657,"z":10.124},{"id":"mqmgkqcnpoe","slug":"verbascum","x":-3.724,"z":-9.782},{"id":"mqmgkuvmj4l","slug":"verbascum","x":-3.7,"z":-10.21},{"id":"mqmgl3oqqdr","slug":"verbascum","x":-2.084,"z":-5.174},{"id":"mqmgokx3vax","slug":"fennel","x":-3.367,"z":-10.091},{"id":"mqmgoq8sxqb","slug":"fennel","x":-2.987,"z":-9.782},{"id":"mqmgpbizw2d","slug":"fennel","x":1.396,"z":-8.939},{"id":"mqmgrcvqdcl","slug":"fennel","x":1.348,"z":-8.084},{"id":"mqmgrkqlgwm","slug":"fennel","x":1.847,"z":-7.965},{"id":"mqmgrq97u4v","slug":"fennel","x":2.761,"z":-7.989},{"id":"mqmgs4d2t9u","slug":"fennel","x":-1.324,"z":-6.088},{"id":"mqmgs50o572","slug":"fennel","x":-0.647,"z":-5.934},{"id":"mqmgs5s0rqy","slug":"fennel","x":-0.196,"z":-5.649},{"id":"mqmgsbnkmfp","slug":"fennel","x":0.98,"z":-5.922},{"id":"mqmgshfxl52","slug":"fennel","x":2.12,"z":-5.21},{"id":"mqmgsi7pu5w","slug":"fennel","x":1.811,"z":-4.924},{"id":"mqmgso7fg93","slug":"fennel","x":1.93,"z":-5.993},{"id":"mqmgsuy187m","slug":"fennel","x":2.845,"z":-5.958},{"id":"mqmgsvugzsa","slug":"fennel","x":3.237,"z":-5.875},{"id":"mqmgt7gheve","slug":"fennel","x":3.26,"z":-3.606},{"id":"mqmgvz1p8ii","slug":"achillea","x":-2.726,"z":-9.842},{"id":"mqmgxavxfvu","slug":"mentha","x":-2.286,"z":-9.699},{"id":"mqmgxgi8j7e","slug":"mentha","x":-4.401,"z":-8.084},{"id":"mqmgxo58pvy","slug":"mentha","x":-1.894,"z":-8.06},{"id":"mqmgxp3insi","slug":"mentha","x":-1.289,"z":-8.167},{"id":"mqmgxuqaa0q","slug":"mentha","x":-0.386,"z":-7.466},{"id":"mqmgxzi11h2","slug":"mentha","x":3.937,"z":-6.92},{"id":"mqmgyavby3l","slug":"mentha","x":2.714,"z":-3.951},{"id":"mqmgybl8cdy","slug":"mentha","x":3.712,"z":-4.105},{"id":"mqmgycgpdm3","slug":"mentha","x":4.389,"z":-3.654},{"id":"mqmgyihdf02","slug":"mentha","x":1.93,"z":-2.953},{"id":"mqmgyvt077e","slug":"mentha","x":-2.655,"z":6.525},{"id":"mqmh0hqp691","slug":"phacelia","x":-0.303,"z":-9.295},{"id":"mqmh1afj2aa","slug":"phacelia","x":2.001,"z":0.017},{"id":"mqmh1bx9vvl","slug":"phacelia","x":2.655,"z":0.242},{"id":"mqmh1cpywbd","slug":"phacelia","x":1.776,"z":0.408},{"id":"mqmh1jcugz0","slug":"phacelia","x":0.719,"z":2.416},{"id":"mqmh1neojnk","slug":"phacelia","x":-3.213,"z":2.356},{"id":"mqmh1r4xpd7","slug":"phacelia","x":-3.545,"z":2.226},{"id":"mqmh1rqp6k1","slug":"phacelia","x":-3.367,"z":2.071},{"id":"mqmh25hl6pt","slug":"phacelia","x":-3.058,"z":8.034},{"id":"mqmh26mc1iy","slug":"phacelia","x":-2.797,"z":7.915},{"id":"mqmh29xs4jc","slug":"phacelia","x":2.512,"z":8.046},{"id":"mqmh2apk0l3","slug":"phacelia","x":2.322,"z":8.39},{"id":"mqmh2cm3d2f","slug":"phacelia","x":2.108,"z":8.164},{"id":"mqmh494r4q2","slug":"nicotiana","x":1.194,"z":-8.915},{"id":"mqmh4a84rrz","slug":"nicotiana","x":1.039,"z":-9.153},{"id":"mqmh4ss6d61","slug":"sage","x":2.001,"z":-9.01},{"id":"mqmh4wqrt5y","slug":"sage","x":-4.163,"z":-7.692},{"id":"mqmh4xm9yxi","slug":"sage","x":-3.819,"z":-8.131},{"id":"mqmh5c5vt18","slug":"sage","x":-1.633,"z":-5.043},{"id":"mqmh5io4par","slug":"sage","x":3.712,"z":-4.924},{"id":"mqmh5vj39n1","slug":"sage","x":2.465,"z":-5.198},{"id":"mqmh5w9y70r","slug":"sage","x":2.821,"z":-4.96},{"id":"mqmh6hyidjh","slug":"sage","x":-4.246,"z":1.964},{"id":"mqmh6ir7h56","slug":"sage","x":-4.306,"z":1.442},{"id":"mqmh8rj3h45","slug":"nasturtium","x":2.785,"z":-9.07},{"id":"mqmh9beuyrc","slug":"nasturtium","x":-0.422,"z":0.385},{"id":"mqmh9lurei5","slug":"nasturtium","x":-1.752,"z":3.96},{"id":"mqmhaosmui1","slug":"calendula","x":3.26,"z":-8.868},{"id":"mqmhc4kv9cy","slug":"anthemis","x":-4.104,"z":-7.015},{"id":"mqmhc5tqqpi","slug":"anthemis","x":-4.389,"z":-7.086},{"id":"mqmhcjsoj6n","slug":"anthemis","x":-2.025,"z":-7.086},{"id":"mqmhcstmfvt","slug":"anthemis","x":-3.45,"z":-6.077},{"id":"mqmhcvbfbc5","slug":"anthemis","x":-3.878,"z":-5.388},{"id":"mqmhdfc7f84","slug":"anthemis","x":3.557,"z":0.242},{"id":"mqmhdg7pc7g","slug":"anthemis","x":2.999,"z":0.444},{"id":"mqmhdhjujwl","slug":"anthemis","x":-3.712,"z":0.29},{"id":"mqmhdi6jrwp","slug":"anthemis","x":-3.522,"z":-0.209},{"id":"mqmhdiz8bxf","slug":"anthemis","x":-2.975,"z":-0.352},{"id":"mqmhdjv6t6i","slug":"anthemis","x":-2.952,"z":0.005},{"id":"mqmhdkyim2c","slug":"anthemis","x":-3.094,"z":0.646},{"id":"mqmhdlpdyu4","slug":"anthemis","x":-3.557,"z":0.61},{"id":"mqmhdmgo17w","slug":"anthemis","x":-3.379,"z":0.1},{"id":"mqmhfbnxdxs","slug":"beta","x":-3.308,"z":-7.11},{"id":"mqmhfci1bei","slug":"beta","x":-2.857,"z":-7.633},{"id":"mqmhfhefb3z","slug":"beta","x":-2.417,"z":-7.015},{"id":"mqmhfmgtea4","slug":"beta","x":-1.194,"z":-7.656},{"id":"mqmhgdr8562","slug":"beta","x":-0.707,"z":-7.086},{"id":"mqmhhh3gfq2","slug":"artichoke","x":-2.049,"z":-7.466},{"id":"mqmhho0i8u4","slug":"artichoke","x":0.837,"z":-7.051},{"id":"mqmhhsqwvd6","slug":"artichoke","x":2.524,"z":-7.443},{"id":"mqmhi6w5ytq","slug":"artichoke","x":-0.849,"z":-5.637},{"id":"mqmhif5du0z","slug":"artichoke","x":1.609,"z":-5.542},{"id":"mqmhig36y6o","slug":"artichoke","x":3.26,"z":-5.447},{"id":"mqng0t7oun8","slug":"diplotaxis","x":-0.612,"z":-8.036},{"id":"mqng1gaope4","slug":"diplotaxis","x":-0.018,"z":6.549},{"id":"mqng1h64r7e","slug":"diplotaxis","x":-1.372,"z":6.561},{"id":"mqng1hxh8es","slug":"diplotaxis","x":-0.659,"z":6.205},{"id":"mqng1iklere","slug":"diplotaxis","x":0.54,"z":6.264},{"id":"mqng1j3k1xh","slug":"diplotaxis","x":1.871,"z":6.169},{"id":"mqng1jroyjy","slug":"diplotaxis","x":2.037,"z":6.502},{"id":"mqng1ol9eos","slug":"diplotaxis","x":-1.372,"z":7.666},{"id":"mqng1p3s34k","slug":"diplotaxis","x":-1.894,"z":7.392},{"id":"mqng1pldh1j","slug":"diplotaxis","x":-1.954,"z":7.939},{"id":"mqng1q4ssat","slug":"diplotaxis","x":-1.526,"z":7.998},{"id":"mqng1qnbj8v","slug":"diplotaxis","x":-2.013,"z":8.39},{"id":"mqng1r9kgia","slug":"diplotaxis","x":-2.666,"z":8.129},{"id":"mqng1rsigd1","slug":"diplotaxis","x":-2.322,"z":7.63},{"id":"mqng1sh2h8o","slug":"diplotaxis","x":-2.773,"z":7.357},{"id":"mqng1t1fev5","slug":"diplotaxis","x":-3.462,"z":7.594},{"id":"mqng1tokmqp","slug":"diplotaxis","x":-3.676,"z":7.903},{"id":"mqng1uacavd","slug":"diplotaxis","x":-4.02,"z":8.105},{"id":"mqng1uu97qn","slug":"diplotaxis","x":-4.151,"z":7.381},{"id":"mqng1venhpc","slug":"diplotaxis","x":-4.341,"z":7.915},{"id":"mqng1vxmm3m","slug":"diplotaxis","x":-4.009,"z":7.618},{"id":"mqng1x7wyyo","slug":"diplotaxis","x":-3.225,"z":8.438},{"id":"mqng1xvih2l","slug":"diplotaxis","x":-2.488,"z":8.556},{"id":"mqng1yk1ywn","slug":"diplotaxis","x":-2.073,"z":8.889},{"id":"mqng1z5bk5x","slug":"diplotaxis","x":-1.562,"z":8.366},{"id":"mqng201qdgo","slug":"diplotaxis","x":-3.712,"z":8.96},{"id":"mqng20n1z3l","slug":"diplotaxis","x":-4.151,"z":8.77},{"id":"mqng218sgfv","slug":"diplotaxis","x":-4.032,"z":8.354},{"id":"mqng21u3o6b","slug":"diplotaxis","x":-4.401,"z":8.426},{"id":"mqng22exg9x","slug":"diplotaxis","x":-4.317,"z":9.423},{"id":"mqng22za4dt","slug":"diplotaxis","x":-3.973,"z":9.934},{"id":"mqng23lyldb","slug":"diplotaxis","x":-3.569,"z":10.029},{"id":"mqng2486r6m","slug":"diplotaxis","x":-2.845,"z":10.112},{"id":"mqng24rmjte","slug":"diplotaxis","x":-3.26,"z":10.089},{"id":"mqng25du3xw","slug":"diplotaxis","x":-3.985,"z":9.566},{"id":"mqng25yolek","slug":"diplotaxis","x":-3.747,"z":9.257},{"id":"mqng26omclc","slug":"diplotaxis","x":-4.139,"z":9.043},{"id":"mqng27p6xb5","slug":"diplotaxis","x":-1.574,"z":7.392},{"id":"mqng28knk7z","slug":"diplotaxis","x":-1.811,"z":7.654},{"id":"mqng29cfvp5","slug":"diplotaxis","x":-2.405,"z":7.357},{"id":"mqng29xqv2m","slug":"diplotaxis","x":-3.177,"z":7.654},{"id":"mqng2amrfff","slug":"diplotaxis","x":-3.13,"z":7.357},{"id":"mqng2bfgkw3","slug":"diplotaxis","x":-4.389,"z":9.815},{"id":"mqng2c5cr68","slug":"diplotaxis","x":-4.246,"z":10.172},{"id":"mqng2csyx38","slug":"diplotaxis","x":-3.296,"z":9.079},{"id":"mqng2dfndiz","slug":"diplotaxis","x":-2.833,"z":9.103},{"id":"mqng2e0hgns","slug":"diplotaxis","x":-2.441,"z":8.936},{"id":"mqng2esqshf","slug":"diplotaxis","x":-1.562,"z":8.806},{"id":"mqng2fgs6rr","slug":"diplotaxis","x":-2.251,"z":8.164},{"id":"mqng2gcabrk","slug":"diplotaxis","x":-1.277,"z":8.426},{"id":"mqng2gus6s9","slug":"diplotaxis","x":-1.158,"z":8.01},{"id":"mqng2howkiz","slug":"diplotaxis","x":0.647,"z":7.464},{"id":"mqng2n9cqx6","slug":"diplotaxis","x":0.101,"z":7.44},{"id":"mqng2nv3s7k","slug":"diplotaxis","x":-0.422,"z":7.404},{"id":"mqng329lyhy","slug":"diplotaxis","x":-3.391,"z":8.711},{"id":"mqng32vtura","slug":"diplotaxis","x":-3.973,"z":8.746},{"id":"mqng34fd4k7","slug":"diplotaxis","x":-4.329,"z":9.008},{"id":"mqng3514ijx","slug":"diplotaxis","x":-4.139,"z":9.376},{"id":"mqng35q4882","slug":"diplotaxis","x":-3.759,"z":9.602},{"id":"mqng36jrkcd","slug":"diplotaxis","x":-4.199,"z":9.732},{"id":"mqng37c0vgb","slug":"diplotaxis","x":-3.688,"z":8.592},{"id":"mqng383b5wx","slug":"diplotaxis","x":-3.462,"z":8.307},{"id":"mqng38n7duj","slug":"diplotaxis","x":-3.771,"z":8.259},{"id":"mqng39jnkvl","slug":"diplotaxis","x":-3.949,"z":7.868},{"id":"mqng3af310r","slug":"diplotaxis","x":-4.317,"z":8.153},{"id":"mqng3bcweu3","slug":"diplotaxis","x":-4.222,"z":8.556},{"id":"mqng3c3at4a","slug":"diplotaxis","x":-4.412,"z":8.723},{"id":"mqng3cz8q6c","slug":"diplotaxis","x":-3.735,"z":7.464},{"id":"mqng3do8mjo","slug":"diplotaxis","x":-3.498,"z":8.01},{"id":"mqng3ea0l1h","slug":"diplotaxis","x":-2.809,"z":7.571},{"id":"mqng3f1r3vw","slug":"diplotaxis","x":-2.548,"z":7.666},{"id":"mqng3foyvkf","slug":"diplotaxis","x":-2.417,"z":7.998},{"id":"mqng3gev9v6","slug":"diplotaxis","x":-2.049,"z":7.749},{"id":"mqng3h72rjq","slug":"diplotaxis","x":-2.168,"z":7.381},{"id":"mqng3i5sa56","slug":"diplotaxis","x":-0.873,"z":8.2},{"id":"mqng3izfx3v","slug":"diplotaxis","x":-1.312,"z":8.188},{"id":"mqng3jmk9sj","slug":"diplotaxis","x":-1.823,"z":8.129},{"id":"mqng3kdgalj","slug":"diplotaxis","x":-1.835,"z":8.402},{"id":"mqng3kznhnj","slug":"diplotaxis","x":-1.811,"z":8.841},{"id":"mqng3lqh4ig","slug":"diplotaxis","x":-1.289,"z":8.782},{"id":"mqng3mr2f0r","slug":"diplotaxis","x":-2.191,"z":8.556},{"id":"mqng3nko80n","slug":"diplotaxis","x":-2.809,"z":8.521},{"id":"mqng3ochkib","slug":"diplotaxis","x":-3.023,"z":8.378},{"id":"mqng4p7qfb5","slug":"brassica_sabellica","x":-2.5,"z":-8.096},{"id":"mqng4pzzku8","slug":"brassica_sabellica","x":-2.821,"z":-7.264},{"id":"mqng4vltxcu","slug":"brassica_sabellica","x":-2.31,"z":-7.395},{"id":"mqng6mukkz6","slug":"tithonia","x":-1.146,"z":-6.979},{"id":"mqng8lyh2lm","slug":"symphytum","x":3.51,"z":-7.169},{"id":"mqng8p5fk9f","slug":"symphytum","x":3.094,"z":-6.944},{"id":"mqng8q6hbei","slug":"symphytum","x":4.211,"z":-7.11},{"id":"mqngagflrd6","slug":"artemisia","x":-2.417,"z":-6.077},{"id":"mqngahh2twi","slug":"artemisia","x":-2.952,"z":-5.958},{"id":"mqngakg1s9q","slug":"artemisia","x":0.137,"z":-4.877},{"id":"mqngb04dwif","slug":"artemisia","x":-2.5,"z":-1.979},{"id":"mqnge7d871d","slug":"lactuca","x":1.396,"z":3.96},{"id":"mqnge8wsg6c","slug":"lactuca","x":1.396,"z":3.699},{"id":"mqngeibnbyj","slug":"lactuca","x":1.265,"z":7.891},{"id":"mqnggr4t0yr","slug":"bunias","x":0.635,"z":-2.953},{"id":"mqnggs17pz7","slug":"bunias","x":0.077,"z":-3.107},{"id":"mqnggswo0nh","slug":"bunias","x":-0.612,"z":-3.048},{"id":"mqnggtr8dbr","slug":"bunias","x":-1.158,"z":-2.988},{"id":"mqngh09h7tx","slug":"bunias","x":-1.657,"z":-3.475},{"id":"mqngh1drtou","slug":"bunias","x":-1.918,"z":-2.917},{"id":"mqnjo9f4l5o","slug":"fumaria_officinalis","x":-3.94,"z":-9.55},{"id":"mqnlzw7a8zj","slug":"chaerophyllum_temulum","x":3.998,"z":-5.348},{"id":"mqnmar7985l","slug":"medicago_lupulina","x":4.254,"z":0.471},{"id":"mqnmdzlj5e4","slug":"euphorbia_helioscopia","x":4.068,"z":-10.097},{"id":"mqnme0ds3t4","slug":"euphorbia_helioscopia","x":4.336,"z":-9.725},{"id":"mqnmjbmjwtq","slug":"arenaria_serpyllifolia","x":-3.917,"z":-9.83},{"id":"mqnn432vpbg","slug":"origano_vulgaris","x":-1.6,"z":6.64},{"id":"mqnn49ll0ln","slug":"origano_vulgaris","x":-1.857,"z":4.568},{"id":"mqnn9wx2obl","slug":"chelidonium_majus","x":-1.007,"z":-2.043},{"id":"mqnna26v4gx","slug":"chelidonium_majus","x":-1.03,"z":0.122},{"id":"mqnna650wf5","slug":"chelidonium_majus","x":1.624,"z":-0.215},{"id":"mqnng1vqf42","slug":"erigeron_annuus","x":2.252,"z":-3.533},{"id":"mqnng7f9tem","slug":"erigeron_annuus","x":-0.076,"z":-1.938},{"id":"mqnng87ixvn","slug":"erigeron_annuus","x":-0.39,"z":-2.02},{"id":"mqnng8w1qvs","slug":"erigeron_annuus","x":-0.727,"z":-1.961},{"id":"mqnnge6c78z","slug":"erigeron_annuus","x":1.007,"z":-1.752},{"id":"mqnngf5jlqc","slug":"erigeron_annuus","x":1.251,"z":-1.472},{"id":"mqnnghq3uv5","slug":"erigeron_annuus","x":3.591,"z":-2.113},{"id":"mqnngighi9y","slug":"erigeron_annuus","x":3.696,"z":-0.89},{"id":"mqnngj43qlv","slug":"erigeron_annuus","x":4.394,"z":-1.019},{"id":"mqnnh3giewr","slug":"erigeron_annuus","x":2.171,"z":5.395},{"id":"mqnnh7otq66","slug":"erigeron_annuus","x":2.648,"z":4.522},{"id":"mqnnhjusu7i","slug":"erigeron_annuus","x":1.775,"z":8.13},{"id":"mqnnmo37qnc","slug":"erigeron_annuus","x":-0.145,"z":-8.805},{"id":"mqnnnfe3icc","slug":"geranium_pusillum","x":3.067,"z":-9.83},{"id":"mqnnnqfbr4n","slug":"geranium_pusillum","x":3.416,"z":-4.115},{"id":"mqnno3ex6ii","slug":"geranium_pusillum","x":-0.553,"z":4.138},{"id":"mqnno7wy1bh","slug":"geranium_pusillum","x":-0.134,"z":5.616},{"id":"mqnnoer9c7k","slug":"geranium_pusillum","x":3.277,"z":5.779},{"id":"mqnnsh4prq2","slug":"potentilla_reptans","x":-0.448,"z":-10.19},{"id":"mqnnt2vll1l","slug":"potentilla_reptans","x":0.402,"z":1.391},{"id":"mqnnt3i9zeh","slug":"potentilla_reptans","x":1.077,"z":1.403},{"id":"mqnnt4865k3","slug":"potentilla_reptans","x":2.753,"z":1.624},{"id":"mqnnt4vs4rd","slug":"potentilla_reptans","x":2.019,"z":1.472},{"id":"mqnnt5mnbri","slug":"potentilla_reptans","x":3.381,"z":1.461}],"densities":{"poppy":2}},{"id":"mqma1tkf","name":"Garten 2","placements":[{"id":"mqnzdta07st","slug":"fagopyrum","x":-3.439,"z":-9.003},{"id":"mqnzdujuzgv","slug":"fagopyrum","x":-4.301,"z":-9.224},{"id":"mqnzdvkvis2","slug":"fagopyrum","x":-4.056,"z":-9.981},{"id":"mqnzdwmdwpw","slug":"fagopyrum","x":-2.497,"z":-9.446},{"id":"mqnzdxxm0j9","slug":"fagopyrum","x":3.463,"z":-9.911},{"id":"mqnzdywbvbk","slug":"fagopyrum","x":3.87,"z":-9.341},{"id":"mqnzdzvzhfa","slug":"fagopyrum","x":3.602,"z":-9.55},{"id":"mqnze0mdsxb","slug":"fagopyrum","x":4.161,"z":-9.504},{"id":"mqnze19z615","slug":"fagopyrum","x":4.359,"z":-9.166},{"id":"mqnze288iyu","slug":"fagopyrum","x":4.208,"z":-8.922},{"id":"mqnze2z3d9r","slug":"fagopyrum","x":3.94,"z":-8.957},{"id":"mqnze3rsr8i","slug":"fagopyrum","x":3.696,"z":-9.143},{"id":"mqnze4fvbaz","slug":"fagopyrum","x":3.474,"z":-9.318},{"id":"mqnze5irq9h","slug":"fagopyrum","x":4.068,"z":-9.248},{"id":"mqnze6hxgw4","slug":"fagopyrum","x":3.928,"z":-9.643},{"id":"mqnzegapzpw","slug":"atriplex","x":4.091,"z":-9.096},{"id":"mqnzeh1kxac","slug":"atriplex","x":4.208,"z":-9.387},{"id":"mqnzehri50e","slug":"atriplex","x":3.637,"z":-9.376},{"id":"mqnzeij9vls","slug":"atriplex","x":3.882,"z":-9.539},{"id":"mqnzej8qtlm","slug":"atriplex","x":3.882,"z":-9.166},{"id":"mqnzeoikb2j","slug":"borago","x":-4.336,"z":-9.678},{"id":"mqnzexgb6m4","slug":"fagopyrum","x":2.881,"z":-9.981},{"id":"mqnzey8kf75","slug":"fagopyrum","x":2.287,"z":-9.958},{"id":"mqnzez2nni7","slug":"fagopyrum","x":2.846,"z":-8.957},{"id":"mqnzezti5qn","slug":"fagopyrum","x":2.276,"z":-9.015},{"id":"mqnzf0pxrcf","slug":"fagopyrum","x":0.925,"z":-9.632},{"id":"mqnzf1clrw9","slug":"fagopyrum","x":0.972,"z":-9.946},{"id":"mqnzf268s7i","slug":"fagopyrum","x":0.646,"z":-9.76},{"id":"mqnzf8zld5m","slug":"borago","x":-1.961,"z":-9.678},{"id":"mqnzfbzhvz0","slug":"fagopyrum","x":-2.078,"z":-10.062},{"id":"mqnzfl8tzvn","slug":"fumaria_officinalis","x":-4.091,"z":-9.597},{"id":"mqnzfntvdfk","slug":"fumaria_officinalis","x":1.275,"z":-9.609},{"id":"mqnzfohx6lx","slug":"fumaria_officinalis","x":1.309,"z":-9.981},{"id":"mqnzfp9pjdc","slug":"fumaria_officinalis","x":1.659,"z":-10.004},{"id":"mqnzfq57fci","slug":"fumaria_officinalis","x":2.671,"z":-9.853},{"id":"mqnzfr2j8yf","slug":"fumaria_officinalis","x":2.532,"z":-9.038},{"id":"mqnzfsaz9d5","slug":"fumaria_officinalis","x":0.879,"z":-9.038},{"id":"mqnzgbo7a4h","slug":"arenaria_serpyllifolia","x":-3.439,"z":-9.678},{"id":"mqnzggwmejq","slug":"calendula_arvensis","x":-4.126,"z":-8.992},{"id":"mqnzghuwz4v","slug":"calendula_arvensis","x":-3.044,"z":-9.143},{"id":"mqnzgihkay4","slug":"calendula_arvensis","x":-3.463,"z":-9.341},{"id":"mqnzgjbo335","slug":"calendula_arvensis","x":-2.485,"z":-9.003},{"id":"mqnzgjyd423","slug":"calendula_arvensis","x":-2.136,"z":-9.073},{"id":"mqnzgl5fi8f","slug":"calendula_arvensis","x":-1.146,"z":-8.91},{"id":"mqnzh288uge","slug":"atriplex","x":-3.649,"z":-9.678},{"id":"mqnzh33p82z","slug":"atriplex","x":-3.742,"z":-9.364},{"id":"mqnzh41ix78","slug":"atriplex","x":-3.649,"z":-9.527},{"id":"mqnzhb1dx9v","slug":"fagopyrum","x":-3.812,"z":-9.038},{"id":"mqnzhoxuns3","slug":"atriplex","x":-3.661,"z":-8.992},{"id":"mqnzhwrbfzr","slug":"poppy","x":-3.463,"z":-10.051},{"id":"mqnzhxqi4wn","slug":"poppy","x":-2.555,"z":-10.132},{"id":"mqnzhyl2il7","slug":"poppy","x":-2.823,"z":-9.155},{"id":"mqnzhz7ainy","slug":"poppy","x":-1.915,"z":-9.143},{"id":"mqnzi01d39t","slug":"poppy","x":-0.797,"z":-9.12},{"id":"mqnzi0tmw0q","slug":"poppy","x":-0.274,"z":-9.061},{"id":"mqnzi1d2iy1","slug":"poppy","x":0.111,"z":-9.05},{"id":"mqnzi1xf839","slug":"poppy","x":0.448,"z":-9.096},{"id":"mqnzi2qlzj2","slug":"poppy","x":0.204,"z":-9.876},{"id":"mqnzi3e7nxd","slug":"poppy","x":0.471,"z":-10.016},{"id":"mqnzi47d1dg","slug":"poppy","x":-0.751,"z":-10.004},{"id":"mqnzidtowm6","slug":"arenaria_serpyllifolia","x":-3.963,"z":-9.341},{"id":"mqnziinrkir","slug":"poppy","x":-1.682,"z":-10.039},{"id":"mqnzismjsc3","slug":"fumaria_officinalis","x":4.219,"z":-9.83},{"id":"mqnzj4ocf4t","slug":"atriplex","x":-1.24,"z":-9.248},{"id":"mqnzj6sai2w","slug":"atriplex","x":3.242,"z":-9.457},{"id":"mqnzj7jlsaw","slug":"atriplex","x":3.067,"z":-9.259},{"id":"mqnzj8fjwnh","slug":"atriplex","x":3.148,"z":-9.69},{"id":"mqnzjfuop1m","slug":"poppy","x":-1.542,"z":-9.771},{"id":"mqnzjogvqjs","slug":"verbascum","x":-3.847,"z":-9.737},{"id":"mqnzjtmzuk4","slug":"verbascum","x":-3.125,"z":-10.121},{"id":"mqnzjxk6ho8","slug":"fagopyrum","x":-2.799,"z":-10.074},{"id":"mqnzkeidx7q","slug":"fennel","x":-3.765,"z":-10.062},{"id":"mqnzl341klf","slug":"achillea","x":-3.125,"z":-9.69},{"id":"mqnzlfyjzse","slug":"mentha","x":-2.706,"z":-9.678},{"id":"mqnzm9ug3qi","slug":"potentilla_reptans","x":-1.17,"z":-10.028},{"id":"mqnzmy3mt4l","slug":"nicotiana","x":1.181,"z":-9.12},{"id":"mqnzn5af1wv","slug":"phacelia","x":-0.064,"z":-9.341},{"id":"mqnznf8a2im","slug":"phacelia","x":2.043,"z":-9.015},{"id":"mqnznmrldph","slug":"sage","x":1.74,"z":-9.027},{"id":"mqnznwhljyv","slug":"geranium_pusillum","x":2.881,"z":-9.609},{"id":"mqnznx58aik","slug":"geranium_pusillum","x":2.671,"z":-9.504},{"id":"mqnzo72mzy0","slug":"nasturtium","x":3.195,"z":-8.98},{"id":"mqnzohpjqb7","slug":"calendula","x":3.614,"z":-8.98},{"id":"mqnzoljgjmc","slug":"fennel","x":1.484,"z":-9.166},{"id":"mqnzovtdkaz","slug":"erigeron_annuus","x":-0.076,"z":-8.898},{"id":"mqnzs87o43i","slug":"fumaria_officinalis","x":-3.824,"z":-8.119},{"id":"mqnzs92pv85","slug":"fumaria_officinalis","x":-3.765,"z":-7.42},{"id":"mqnzsb0596i","slug":"fumaria_officinalis","x":0.099,"z":-8.072},{"id":"mqnzsbzs62d","slug":"fumaria_officinalis","x":-0.39,"z":-7.153},{"id":"mqnzsdwr4p2","slug":"fumaria_officinalis","x":-2.916,"z":-6.966},{"id":"mqnzsf658fo","slug":"fumaria_officinalis","x":3.125,"z":-7.863},{"id":"mqnzsgs0756","slug":"fumaria_officinalis","x":2.241,"z":-6.908},{"id":"mqnzshivt2q","slug":"fumaria_officinalis","x":1.763,"z":-6.955},{"id":"mqnzsqu1xf0","slug":"sage","x":-3.451,"z":-8.084},{"id":"mqnzss06bkf","slug":"sage","x":-4.103,"z":-7.641},{"id":"mqnzt38tjwt","slug":"mentha","x":-4.301,"z":-8.06},{"id":"mqnzt4cm4u0","slug":"mentha","x":-2.31,"z":-8.095},{"id":"mqnzt5awqd1","slug":"mentha","x":-1.88,"z":-8.119},{"id":"mqnzt642iux","slug":"mentha","x":-0.46,"z":-7.607},{"id":"mqnzt84rnga","slug":"mentha","x":3.975,"z":-6.908},{"id":"mqnzth4d1fc","slug":"anthemis","x":-4.126,"z":-7.059},{"id":"mqnzuca4b5f","slug":"atriplex","x":-2.846,"z":-7.967},{"id":"mqnzudu5jqu","slug":"atriplex","x":-0.343,"z":-8.002},{"id":"mqnzuer0z61","slug":"atriplex","x":-0.111,"z":-7.746},{"id":"mqnzuh7gj2f","slug":"atriplex","x":3.474,"z":-8.014},{"id":"mqnzuje59oq","slug":"atriplex","x":3.789,"z":-7.828},{"id":"mqnzuk3mhk9","slug":"atriplex","x":3.533,"z":-7.769},{"id":"mqnzuns0oan","slug":"poppy","x":-2.66,"z":-7.967},{"id":"mqnzupan6ba","slug":"poppy","x":-0.553,"z":-8.037},{"id":"mqnzuqbo3cf","slug":"poppy","x":-1.542,"z":-7.944},{"id":"mqnzurzv545","slug":"poppy","x":1.973,"z":-8.002},{"id":"mqnzussku4a","slug":"poppy","x":1.437,"z":-7.618},{"id":"mqnzutet86q","slug":"poppy","x":0.704,"z":-7.758},{"id":"mqnzutvx2gz","slug":"poppy","x":1.042,"z":-7.746},{"id":"mqnzuuho0a3","slug":"poppy","x":1.065,"z":-7.327},{"id":"mqnzuvlio57","slug":"poppy","x":0.39,"z":-8.037},{"id":"mqnzuw9kz0t","slug":"poppy","x":0.39,"z":-7.793},{"id":"mqnzuwvclzf","slug":"poppy","x":0.425,"z":-7.467},{"id":"mqnzuy1glnb","slug":"poppy","x":-0.064,"z":-6.966},{"id":"mqnzuzqk05q","slug":"poppy","x":2.846,"z":-7.35},{"id":"mqnzv0ll94h","slug":"poppy","x":2.555,"z":-7.176},{"id":"mqnzv3e3v2i","slug":"poppy","x":3.765,"z":-8.13},{"id":"mqnzv8nf3bh","slug":"fumaria_officinalis","x":4.266,"z":-7.758},{"id":"mqnzvg5shqt","slug":"fumaria_officinalis","x":-0.972,"z":-7.094},{"id":"mqnzvlskcp0","slug":"borago","x":0.274,"z":-7.036},{"id":"mqnzwcmb8zq","slug":"anthemis","x":-2.951,"z":-7.467},{"id":"mqnzwt7j4oz","slug":"beta","x":-3.3,"z":-7.071},{"id":"mqnzwu3hpj3","slug":"beta","x":-2.101,"z":-7.025},{"id":"mqnzwxmtcpl","slug":"beta","x":-0.681,"z":-7.269},{"id":"mqnzx62ixge","slug":"brassica_sabellica","x":-2.741,"z":-7.211},{"id":"mqnzx6yxmxj","slug":"brassica_sabellica","x":-2.299,"z":-7.316},{"id":"mqnzxb6sb4p","slug":"borago","x":-2.497,"z":-6.908},{"id":"mqnzxid44i3","slug":"beta","x":-3.137,"z":-7.804},{"id":"mqnzxkx8bu0","slug":"artichoke","x":-3.405,"z":-7.537},{"id":"mqnzxlvii11","slug":"artichoke","x":-1.88,"z":-7.537},{"id":"mqnzy1t4i2i","slug":"euphorbia_helioscopia","x":4.464,"z":-9.888},{"id":"mqnzy2tp5s7","slug":"euphorbia_helioscopia","x":4.371,"z":-9.783},{"id":"mqnzy417ypv","slug":"euphorbia_helioscopia","x":3.905,"z":-9.841},{"id":"mqnzy5jdsbb","slug":"euphorbia_helioscopia","x":-1.216,"z":-7.979},{"id":"mqnzyt32fvv","slug":"beta","x":-1.03,"z":-7.595},{"id":"mqnzyy1bd2g","slug":"diplotaxis","x":-0.762,"z":-7.979},{"id":"mqnzyyuybqq","slug":"diplotaxis","x":-0.774,"z":-7.653},{"id":"mqnzyzj0k3u","slug":"diplotaxis","x":-0.96,"z":-7.886},{"id":"mqnzzbg7nob","slug":"calendula_arvensis","x":-0.122,"z":-7.397},{"id":"mqnzzcj32p4","slug":"calendula_arvensis","x":-0.239,"z":-7.583},{"id":"mqnzzdfheby","slug":"calendula_arvensis","x":0.832,"z":-8.026},{"id":"mqnzzrl8ud4","slug":"tithonia","x":-1.391,"z":-7.013},{"id":"mqnzzsma445","slug":"tithonia","x":0.227,"z":-7.478},{"id":"mqnzzx8xdcr","slug":"artichoke","x":0.751,"z":-7.164},{"id":"mqo0092u36q","slug":"atriplex","x":1.822,"z":-7.339},{"id":"mqo00dybpjd","slug":"fennel","x":1.251,"z":-7.944},{"id":"mqo00ep68al","slug":"fennel","x":1.694,"z":-7.863},{"id":"mqo00femx0i","slug":"fennel","x":2.299,"z":-7.944},{"id":"mqo00h0zffl","slug":"artichoke","x":2.264,"z":-7.467},{"id":"mqo010dah0s","slug":"ballota_nigra","x":1.484,"z":-7.025},{"id":"mqo01d89exe","slug":"symphytum","x":2.764,"z":-6.931},{"id":"mqo01dx8wv6","slug":"symphytum","x":3.381,"z":-7.071},{"id":"mqo01ers83k","slug":"symphytum","x":3.765,"z":-7.257},{"id":"mqo01qiy9sq","slug":"euphorbia_helioscopia","x":3.917,"z":-7.595},{"id":"mqo01r71ghj","slug":"euphorbia_helioscopia","x":4.196,"z":-7.409},{"id":"mqo0wlre822","slug":"poppy","x":-4.394,"z":-5.348},{"id":"mqo0wmjm8j3","slug":"poppy","x":-4.382,"z":-4.988},{"id":"mqo0wnahp04","slug":"poppy","x":-4.056,"z":-5.034},{"id":"mqo0wny3hyg","slug":"poppy","x":-3.707,"z":-4.988},{"id":"mqo0wpno7qi","slug":"poppy","x":4.08,"z":-4.953},{"id":"mqo0wqlxial","slug":"poppy","x":4.382,"z":-5.151},{"id":"mqo0wr92uoo","slug":"poppy","x":4.115,"z":-5.337},{"id":"mqo0wrudod0","slug":"poppy","x":3.917,"z":-5.698},{"id":"mqo0wssmvjl","slug":"poppy","x":3.218,"z":-5.604},{"id":"mqo0wurx7uk","slug":"poppy","x":0.32,"z":-5.255},{"id":"mqo0wxkez7k","slug":"poppy","x":-0.821,"z":-5.057},{"id":"mqo0x4fmxlj","slug":"fumaria_officinalis","x":-4.347,"z":-6.047},{"id":"mqo0x5kt7sp","slug":"fumaria_officinalis","x":-2.217,"z":-5.977},{"id":"mqo0x6im41t","slug":"fumaria_officinalis","x":-3.079,"z":-5.604},{"id":"mqo0x8bfecz","slug":"fumaria_officinalis","x":2.194,"z":-5.802},{"id":"mqo0xbejev2","slug":"fumaria_officinalis","x":-0.413,"z":-4.988},{"id":"mqo0xdbij0h","slug":"fumaria_officinalis","x":-1.24,"z":-6.058},{"id":"mqo0xla3z17","slug":"atriplex","x":-1.973,"z":-5.535},{"id":"mqo0xno7ivl","slug":"atriplex","x":-3.486,"z":-5.465},{"id":"mqo0xoyi8su","slug":"atriplex","x":1.822,"z":-5.744},{"id":"mqo0xpymkyh","slug":"atriplex","x":0.646,"z":-5.372},{"id":"mqo0xr5orzs","slug":"atriplex","x":3.137,"z":-5.197},{"id":"mqo0xzftd64","slug":"anthemis","x":-3.87,"z":-5.36},{"id":"mqo0y08zh2i","slug":"anthemis","x":-3.521,"z":-6.07},{"id":"mqo0ybtnj1f","slug":"artemisia","x":-2.962,"z":-6.012},{"id":"mqo0ycgc676","slug":"artemisia","x":-2.567,"z":-6.012},{"id":"mqo0yfxtx61","slug":"artemisia","x":1.216,"z":-4.906},{"id":"mqo0ygsdt3h","slug":"artemisia","x":0.029,"z":-4.976},{"id":"mqo0yp3wyxp","slug":"verbascum","x":-3.148,"z":-5.255},{"id":"mqo0ytgdgan","slug":"atriplex","x":-0.565,"z":-5.232},{"id":"mqo0z0ulsbh","slug":"euphorbia_helioscopia","x":-2.788,"z":-5.5},{"id":"mqo0zhh7bch","slug":"verbascum","x":-2.858,"z":-4.953},{"id":"mqo1095i3q3","slug":"geranium_pusillum","x":-2.52,"z":-4.86},{"id":"mqo10fgddsl","slug":"diplotaxis","x":-2.578,"z":-5.151},{"id":"mqo10fzttzz","slug":"diplotaxis","x":-2.52,"z":-5.407},{"id":"mqo10gnvpgr","slug":"diplotaxis","x":-2.427,"z":-5.628},{"id":"mqo10hcfiix","slug":"diplotaxis","x":-2.287,"z":-5.465},{"id":"mqo10hwsngn","slug":"diplotaxis","x":-2.415,"z":-5.314},{"id":"mqo10yi0jwb","slug":"atriplex","x":-2.334,"z":-5.081},{"id":"mqo118lwg19","slug":"verbascum","x":-1.496,"z":-5.581},{"id":"mqo11fjwpv9","slug":"sage","x":-1.891,"z":-4.999},{"id":"mqo11h5svut","slug":"sage","x":2.753,"z":-4.918},{"id":"mqo11hv8g8l","slug":"sage","x":3.579,"z":-4.894},{"id":"mqo12av85nh","slug":"artemisia","x":-1.554,"z":-4.929},{"id":"mqo13izoglq","slug":"artichoke","x":-1.018,"z":-5.546},{"id":"mqo13lln8vb","slug":"fennel","x":-0.925,"z":-6.163},{"id":"mqo13manaad","slug":"fennel","x":-0.53,"z":-6},{"id":"mqo13n2wmzv","slug":"fennel","x":-0.343,"z":-5.581},{"id":"mqo13uy8mdr","slug":"symphytum","x":0.041,"z":-6.024},{"id":"mqo145ggw7d","slug":"fumaria_officinalis","x":0.879,"z":-5.127},{"id":"mqo147n6v4j","slug":"fumaria_officinalis","x":0.378,"z":-6},{"id":"mqo149v9dah","slug":"fennel","x":0.623,"z":-5.686},{"id":"mqo1552vhgm","slug":"karde","x":1.146,"z":-6.07},{"id":"mqo15bm2zs9","slug":"fennel","x":1.6,"z":-4.964},{"id":"mqo15chkwly","slug":"fennel","x":1.705,"z":-5.442},{"id":"mqo15dbn41l","slug":"fennel","x":1.624,"z":-5.977},{"id":"mqo15gwcp35","slug":"artichoke","x":1.251,"z":-5.523},{"id":"mqo162p2832","slug":"fumaria_officinalis","x":1.961,"z":-4.918},{"id":"mqo16g4v8er","slug":"ballota_nigra","x":2.136,"z":-5.046},{"id":"mqo16q0w0h1","slug":"sage","x":2.462,"z":-5.255},{"id":"mqo16w3f277","slug":"fennel","x":2.601,"z":-5.954},{"id":"mqo16wuq6mt","slug":"fennel","x":3.02,"z":-6.024},{"id":"mqo1714wmy6","slug":"artichoke","x":2.543,"z":-5.476},{"id":"mqo178h9ydy","slug":"chaerophyllum_temulum","x":3.579,"z":-5.407},{"id":"mqo1a9ndwrh","slug":"ballota_nigra","x":-4.324,"z":-3.998},{"id":"mqo1aavcrjp","slug":"ballota_nigra","x":-1.833,"z":-3.998},{"id":"mqo1abwegar","slug":"ballota_nigra","x":0.134,"z":-3.707},{"id":"mqo1acluhd3","slug":"ballota_nigra","x":0.844,"z":-3.94},{"id":"mqo1adau8so","slug":"ballota_nigra","x":-0.669,"z":-3.987},{"id":"mqo1agc406s","slug":"ballota_nigra","x":-1.728,"z":-3.335},{"id":"mqo1algt3fa","slug":"atriplex","x":-4.208,"z":-3.451},{"id":"mqo1am5u2u5","slug":"atriplex","x":-3.789,"z":-3.265},{"id":"mqo1amz0w7e","slug":"atriplex","x":-2.951,"z":-3.509},{"id":"mqo1aofbbzv","slug":"atriplex","x":-2.718,"z":-3.079},{"id":"mqo1aqsyc20","slug":"atriplex","x":3.742,"z":-3.335},{"id":"mqo1asfrlzb","slug":"atriplex","x":3.602,"z":-3.591},{"id":"mqo1b6mvywy","slug":"artemisia","x":-3.998,"z":-2.974},{"id":"mqo1by55ycy","slug":"krause","x":-3.602,"z":-3.591},{"id":"mqo1cfex8kb","slug":"bunias","x":-3.323,"z":-3.067},{"id":"mqo1cgae5j9","slug":"bunias","x":-2.113,"z":-3.055},{"id":"mqo1cgvpbn3","slug":"bunias","x":-1.158,"z":-3.044},{"id":"mqo1chdawed","slug":"bunias","x":-0.821,"z":-3.172},{"id":"mqo1chvcsax","slug":"bunias","x":-0.343,"z":-3.172},{"id":"mqo1cin4zjh","slug":"bunias","x":0.332,"z":-3.102},{"id":"mqo1d3p01o5","slug":"ballota_nigra","x":0.611,"z":-3.335},{"id":"mqo1d4v4aw1","slug":"ballota_nigra","x":1.321,"z":-3.544},{"id":"mqo1d6cdmz2","slug":"ballota_nigra","x":1.391,"z":-2.986},{"id":"mqo1db1tt18","slug":"ballota_nigra","x":-1.472,"z":-3.707},{"id":"mqo1dh13mya","slug":"atriplex","x":-1.193,"z":-3.987},{"id":"mqo1dtrf3dz","slug":"fennel","x":-2.916,"z":-3.987},{"id":"mqo1dv4ixzs","slug":"fennel","x":-3.882,"z":-3.835},{"id":"mqo1dyoazs5","slug":"atriplex","x":-2.567,"z":-3.649},{"id":"mqo1dzlmfb7","slug":"atriplex","x":-1.728,"z":-2.951},{"id":"mqo1e39ky00","slug":"ballota_nigra","x":-2.415,"z":-3.358},{"id":"mqo1e45zjeb","slug":"ballota_nigra","x":-1.007,"z":-3.591},{"id":"mqo1e9b5vog","slug":"fennel","x":-2.962,"z":-2.986},{"id":"mqo1eg5y0cq","slug":"phacelia","x":-2.438,"z":-2.927},{"id":"mqo1ej4ed9s","slug":"phacelia","x":-0.378,"z":-3.707},{"id":"mqo1exyom6p","slug":"geranium_pusillum","x":0.879,"z":-2.974},{"id":"mqo1fcoa9wp","slug":"ballota_nigra","x":1.88,"z":-3.893},{"id":"mqo1fx9i30b","slug":"erigeron_annuus","x":1.822,"z":-3.474},{"id":"mqo1g4dzxu9","slug":"mentha","x":2.276,"z":-2.974},{"id":"mqo1g55r2ig","slug":"mentha","x":2.823,"z":-3.905},{"id":"mqo1g5y0l0f","slug":"mentha","x":3.3,"z":-4.161},{"id":"mqo1gf299cs","slug":"karde","x":2.59,"z":-3.37},{"id":"mqo1gfuym4n","slug":"karde","x":2.997,"z":-3.381},{"id":"mqo1gnz3ydz","slug":"mentha","x":4.161,"z":-3.591},{"id":"mqo1gonmco9","slug":"mentha","x":4.021,"z":-2.962},{"id":"mqo1gwde7v1","slug":"fagopyrum","x":3.835,"z":-3.637},{"id":"mqo1h1mrdzd","slug":"geranium_pusillum","x":4.347,"z":-3.277},{"id":"mqo1h2ipf3j","slug":"geranium_pusillum","x":3.393,"z":-3.405},{"id":"mqo1h8eqmrs","slug":"geranium_pusillum","x":3.94,"z":-3.835},{"id":"mqo1hdrsbtv","slug":"mentha","x":4.417,"z":-3.742},{"id":"mqo1k4y7sa7","slug":"borago","x":-4.103,"z":-1.67},{"id":"mqo1k64baqc","slug":"borago","x":-4.336,"z":-0.762},{"id":"mqo1kz9f6k3","slug":"anthemis","x":-3.707,"z":-0.041},{"id":"mqo1l0y23cs","slug":"anthemis","x":-3.218,"z":0.308},{"id":"mqo1l1tkh2s","slug":"anthemis","x":-3.684,"z":0.285},{"id":"mqo1l2mp3q3","slug":"anthemis","x":-3.696,"z":0.646},{"id":"mqo1l3hpjcf","slug":"anthemis","x":-3.183,"z":0.646},{"id":"mqo1la98dcj","slug":"fumaria_officinalis","x":-3.987,"z":-0.879},{"id":"mqo1ldflc4q","slug":"fumaria_officinalis","x":-4.045,"z":-1.263},{"id":"mqo1lhf4teb","slug":"atriplex","x":-3.789,"z":-1.496},{"id":"mqo1liqdqg7","slug":"atriplex","x":-2.683,"z":0.378},{"id":"mqo1ljdibk9","slug":"atriplex","x":-2.438,"z":0.355},{"id":"mqo1ljz95un","slug":"atriplex","x":-2.438,"z":0.658},{"id":"mqo1lko9zen","slug":"atriplex","x":-1.845,"z":0.227},{"id":"mqo1llvacnq","slug":"atriplex","x":-0.96,"z":-0.471},{"id":"mqo1lnd0gq4","slug":"atriplex","x":0.448,"z":-1.368},{"id":"mqo1lo9wi9a","slug":"atriplex","x":1.24,"z":-0.541},{"id":"mqo1lpa0j79","slug":"atriplex","x":-0.693,"z":0.495},{"id":"mqo1lqg44wo","slug":"atriplex","x":2.241,"z":0.588},{"id":"mqo1lrn6l8l","slug":"atriplex","x":4.382,"z":-1.729},{"id":"mqo1lsu820c","slug":"atriplex","x":3.765,"z":-1.251},{"id":"mqo1ltmxvbw","slug":"atriplex","x":3.428,"z":-1.461},{"id":"mqo1lu8olnd","slug":"atriplex","x":3.719,"z":-1.461},{"id":"mqo1manwhky","slug":"poppy","x":1.472,"z":-3.975},{"id":"mqo1mbig4j0","slug":"poppy","x":2.287,"z":-3.917},{"id":"mqo1mc9aii3","slug":"poppy","x":2.252,"z":-3.44},{"id":"mqo1md0m79h","slug":"poppy","x":2.089,"z":-3.16},{"id":"mqo1mdq3b4z","slug":"poppy","x":2.59,"z":-3.021},{"id":"mqo1meawnu8","slug":"poppy","x":3.044,"z":-3.021},{"id":"mqo1mevaaqr","slug":"poppy","x":3.405,"z":-3.09},{"id":"mqo1mgc24jr","slug":"poppy","x":-3.579,"z":-1.95},{"id":"mqo1mgxc5pe","slug":"poppy","x":-3.183,"z":-2.078},{"id":"mqo1mho7lq1","slug":"poppy","x":-3.381,"z":-1.74},{"id":"mqo1migg21i","slug":"poppy","x":-3.917,"z":-0.448},{"id":"mqo1mj6dyxx","slug":"poppy","x":-4.254,"z":-0.239},{"id":"mqo1ml72npe","slug":"poppy","x":-1.531,"z":0.564},{"id":"mqo1mm9y91r","slug":"poppy","x":2.66,"z":0.32},{"id":"mqo1mmub152","slug":"poppy","x":2.66,"z":-0.064},{"id":"mqo1mnbxnkq","slug":"poppy","x":2.695,"z":-0.53},{"id":"mqo1mnrnbg7","slug":"poppy","x":3.125,"z":-0.623},{"id":"mqo1mo99w5g","slug":"poppy","x":3.102,"z":-1.193},{"id":"mqo1mos8c4p","slug":"poppy","x":2.706,"z":-1.705},{"id":"mqo1mp9tmie","slug":"poppy","x":3.172,"z":-1.798},{"id":"mqo1mpzqtue","slug":"poppy","x":2.683,"z":-1.321},{"id":"mqo1mqoqala","slug":"poppy","x":2.404,"z":-1.019},{"id":"mqo1mr5vxgi","slug":"poppy","x":2.287,"z":-1.6},{"id":"mqo1mrouuqp","slug":"poppy","x":1.845,"z":-1.845},{"id":"mqo1ms8r1g9","slug":"poppy","x":2.182,"z":-2.066},{"id":"mqo1msuj7tv","slug":"poppy","x":2.485,"z":-1.926},{"id":"mqo1mtxegy2","slug":"poppy","x":2.101,"z":-1.193},{"id":"mqo1muoqjjp","slug":"poppy","x":1.891,"z":-0.972},{"id":"mqo1mvahim4","slug":"poppy","x":2.276,"z":-0.716},{"id":"mqo1n0easju","slug":"atriplex","x":1.624,"z":-1.426},{"id":"mqo1n0ynz43","slug":"atriplex","x":1.403,"z":-1.857},{"id":"mqo1n1jhynd","slug":"atriplex","x":1.682,"z":-2.089},{"id":"mqo1n2gtgm9","slug":"atriplex","x":1.822,"z":-0.565},{"id":"mqo1n3agwqc","slug":"atriplex","x":2.089,"z":-0.285},{"id":"mqo1n4b1oca","slug":"atriplex","x":3.474,"z":-0.46},{"id":"mqo1ngbfkke","slug":"erigeron_annuus","x":-2.892,"z":-0.565},{"id":"mqo1ngwqe0a","slug":"erigeron_annuus","x":-3.277,"z":-0.774},{"id":"mqo1nhjfrvo","slug":"erigeron_annuus","x":-2.927,"z":-0.972},{"id":"mqo1nrr158q","slug":"atriplex","x":-2.369,"z":-0.669},{"id":"mqo1nw7o0uy","slug":"fumaria_officinalis","x":-2.625,"z":-0.32},{"id":"mqo1o9x6gzu","slug":"artemisia","x":-2.904,"z":-2.031},{"id":"mqo1p0dywqw","slug":"lamium","x":-1.705,"z":-0.157},{"id":"mqo1p0zqlyd","slug":"lamium","x":-2.241,"z":-0.355},{"id":"mqo1p1lhelp","slug":"lamium","x":-2.101,"z":-0.797},{"id":"mqo1p2m2yeh","slug":"lamium","x":-2.52,"z":-1.158},{"id":"mqo1p3duj36","slug":"lamium","x":-1.368,"z":-1.344},{"id":"mqo1p6yk081","slug":"lamium","x":-1.181,"z":-0.111},{"id":"mqo1pjl6fv6","slug":"chelidonium_majus","x":-2.054,"z":-1.484},{"id":"mqo1pk45dnr","slug":"chelidonium_majus","x":-1.659,"z":-1.857},{"id":"mqo1ppew6l7","slug":"erigeron_annuus","x":-1.228,"z":-1.926},{"id":"mqo1ppwi2j6","slug":"erigeron_annuus","x":-0.925,"z":-2.113},{"id":"mqo1pqe3cci","slug":"erigeron_annuus","x":-0.669,"z":-1.752},{"id":"mqo1pqw5wqs","slug":"erigeron_annuus","x":-0.204,"z":-1.798},{"id":"mqo1ps7dw7o","slug":"erigeron_annuus","x":0.099,"z":-1.321},{"id":"mqo1pt0jgxb","slug":"erigeron_annuus","x":0.704,"z":-1.705},{"id":"mqo1ptj21np","slug":"erigeron_annuus","x":1.123,"z":-1.798},{"id":"mqo1pu5qynl","slug":"erigeron_annuus","x":1.321,"z":-1.368},{"id":"mqo1putctcy","slug":"erigeron_annuus","x":1.146,"z":-1.042},{"id":"mqo1q3fjqcy","slug":"atriplex","x":-1.391,"z":-0.728},{"id":"mqo1qmevodh","slug":"acker","x":-1.112,"z":-1.03},{"id":"mqo1qotwtph","slug":"acker","x":-0.762,"z":-1.286},{"id":"mqo1qu8t89w","slug":"bunias","x":-0.599,"z":-0.646},{"id":"mqo1qzdjlyc","slug":"fumaria_officinalis","x":-0.297,"z":-1.147},{"id":"mqo1r2zndb7","slug":"poppy","x":0.274,"z":-0.937},{"id":"mqo1r3le2cc","slug":"poppy","x":0.483,"z":-0.565},{"id":"mqo1r43xolb","slug":"poppy","x":-0.122,"z":-0.541},{"id":"mqo1r4l15yp","slug":"poppy","x":0.122,"z":-0.285},{"id":"mqo1r5796ue","slug":"poppy","x":0.076,"z":0.32},{"id":"mqo1r5qpd5d","slug":"poppy","x":0.274,"z":0.215},{"id":"mqo1r9gzrh8","slug":"nasturtium","x":-0.332,"z":0.297},{"id":"mqo1rj5l87d","slug":"chelidonium_majus","x":-0.809,"z":0.029},{"id":"mqo1rn9qk7t","slug":"chelidonium_majus","x":1.589,"z":-0.087},{"id":"mqo1s3ui0r6","slug":"erigeron_annuus","x":3.812,"z":-0.728},{"id":"mqo1s4pi0pu","slug":"erigeron_annuus","x":4.115,"z":0.436},{"id":"mqo1s5opkwy","slug":"erigeron_annuus","x":4.138,"z":0.122},{"id":"mqo1s6d8o6z","slug":"erigeron_annuus","x":4.243,"z":-1.147},{"id":"mqo1s72pver","slug":"erigeron_annuus","x":3.649,"z":-1.868},{"id":"mqo1sff6u39","slug":"bunias","x":0.704,"z":0.541},{"id":"mqo1tjjfeaw","slug":"lactuca","x":0.96,"z":0.157},{"id":"mqo1tpdjkry","slug":"poppy","x":4.149,"z":-0.413},{"id":"mqo1ty1y898","slug":"anthemis","x":3.242,"z":0.471},{"id":"mqo1tyqy2m7","slug":"anthemis","x":3.602,"z":0.099},{"id":"mqo1u7sez2v","slug":"phacelia","x":2.194,"z":0.134},{"id":"mqo1uideyrx","slug":"erigeron_annuus","x":3.067,"z":-0.029},{"id":"mqo1uj638yc","slug":"erigeron_annuus","x":3.23,"z":-0.32},{"id":"mqo1uogdxp1","slug":"acker","x":4.01,"z":-1.67},{"id":"mqo1vfr93c4","slug":"stachel","x":-4.254,"z":0.448},{"id":"mqo1wiydg7w","slug":"faerber","x":0.786,"z":-0.402},{"id":"mqo1zf4ed54","slug":"sage","x":-4.336,"z":1.461},{"id":"mqo1zfy1xhn","slug":"sage","x":-4.347,"z":2.113},{"id":"mqo1ztr99qb","slug":"fumaria_officinalis","x":-4.126,"z":2.532},{"id":"mqo1zx0dsf8","slug":"fumaria_officinalis","x":-0.041,"z":2.008},{"id":"mqo20d791yi","slug":"lactuca","x":-3.73,"z":1.414},{"id":"mqo20tr3s8q","slug":"erigeron_annuus","x":-3.917,"z":2.031},{"id":"mqo20udsyb0","slug":"erigeron_annuus","x":-3.754,"z":2.334},{"id":"mqo20z60tqg","slug":"nasturtium","x":-3.474,"z":2.52},{"id":"mqo213h33f4","slug":"phacelia","x":-3.439,"z":1.822},{"id":"mqo214c4w34","slug":"phacelia","x":-3.172,"z":2.252},{"id":"mqo218wxzzg","slug":"poppy","x":-2.811,"z":2.52},{"id":"mqo219q3sw4","slug":"poppy","x":-2.881,"z":1.659},{"id":"mqo21af3lxn","slug":"poppy","x":-3.346,"z":1.333},{"id":"mqo21bbidg5","slug":"poppy","x":-1.566,"z":1.612},{"id":"mqo21bwtiwc","slug":"poppy","x":-1.717,"z":1.938},{"id":"mqo21cm9rba","slug":"poppy","x":-1.903,"z":2.31},{"id":"mqo21d80sr5","slug":"poppy","x":-2.008,"z":2.578},{"id":"mqo21e0qver","slug":"poppy","x":-1.205,"z":1.728},{"id":"mqo21es1kiy","slug":"poppy","x":-0.646,"z":1.461},{"id":"mqo21fjcqsp","slug":"poppy","x":-1.1,"z":2.31},{"id":"mqo21gaogbm","slug":"poppy","x":-1.275,"z":2.101},{"id":"mqo21hna5zl","slug":"poppy","x":-0.39,"z":2.241},{"id":"mqo21v0rxj8","slug":"chelidonium_majus","x":-2.543,"z":1.403},{"id":"mqo2208qu8l","slug":"ballota_nigra","x":-2.59,"z":1.763},{"id":"mqo225yrl81","slug":"phacelia","x":-2.788,"z":2.124},{"id":"mqo227mh1a5","slug":"phacelia","x":0.436,"z":2.473},{"id":"mqo22d3p1dp","slug":"potentilla_reptans","x":3.568,"z":1.787},{"id":"mqo22dv0nyv","slug":"potentilla_reptans","x":2.334,"z":1.565},{"id":"mqo22efd2af","slug":"potentilla_reptans","x":1.728,"z":1.437},{"id":"mqo22f155tu","slug":"potentilla_reptans","x":1.03,"z":1.449},{"id":"mqo22pqsahq","slug":"atriplex","x":-0.762,"z":1.996},{"id":"mqo22qd1mfj","slug":"atriplex","x":-0.89,"z":1.659},{"id":"mqo22qxuy48","slug":"atriplex","x":-1.065,"z":1.461},{"id":"mqo22ro8vib","slug":"atriplex","x":-0.495,"z":1.763},{"id":"mqo22tjujnf","slug":"atriplex","x":-2.136,"z":2.066},{"id":"mqo22wr3002","slug":"poppy","x":2.182,"z":2.52},{"id":"mqo23c9w2jn","slug":"pestwurz","x":-0.809,"z":2.462},{"id":"mqo23den6x6","slug":"pestwurz","x":-2.194,"z":1.507},{"id":"mqo243xr2h8","slug":"diplotaxis","x":-2.171,"z":2.334},{"id":"mqo244illab","slug":"diplotaxis","x":-2.415,"z":2.275},{"id":"mqo2457lw8k","slug":"diplotaxis","x":-2.392,"z":2.543},{"id":"mqo24bsmdgd","slug":"fumaria_officinalis","x":-1.868,"z":1.507},{"id":"mqo24kxbsta","slug":"achillea","x":0.157,"z":1.577},{"id":"mqo24lq16xn","slug":"achillea","x":-0.169,"z":2.59},{"id":"mqo24woyvfw","slug":"poppy","x":-0.18,"z":1.496},{"id":"mqo24xlcuec","slug":"poppy","x":-0.413,"z":1.6},{"id":"mqo25i3bbnb","slug":"diplotaxis","x":1.03,"z":2.043},{"id":"mqo25isshx7","slug":"diplotaxis","x":1.472,"z":1.961},{"id":"mqo25javq84","slug":"diplotaxis","x":1.763,"z":2.008},{"id":"mqo25jttx5r","slug":"diplotaxis","x":1.868,"z":2.241},{"id":"mqo25kue40j","slug":"diplotaxis","x":1.763,"z":2.485},{"id":"mqo25lb2ier","slug":"diplotaxis","x":1.437,"z":2.52},{"id":"mqo25lxahcq","slug":"diplotaxis","x":1.496,"z":2.229},{"id":"mqo25mhnf3n","slug":"diplotaxis","x":0.902,"z":2.275},{"id":"mqo25mxvs5u","slug":"diplotaxis","x":1.112,"z":2.462},{"id":"mqo25nmvj8a","slug":"diplotaxis","x":1.181,"z":2.241},{"id":"mqo25of36i7","slug":"diplotaxis","x":2.345,"z":2.101},{"id":"mqo25p0e8lp","slug":"diplotaxis","x":2.601,"z":1.961},{"id":"mqo25pm5kid","slug":"diplotaxis","x":2.823,"z":2.019},{"id":"mqo25rxhqdj","slug":"diplotaxis","x":2.927,"z":2.334},{"id":"mqo25sis95y","slug":"diplotaxis","x":2.59,"z":2.369},{"id":"mqo25t6vzmt","slug":"diplotaxis","x":2.683,"z":2.159},{"id":"mqo25twb7ny","slug":"diplotaxis","x":3.765,"z":2.089},{"id":"mqo25udxeqz","slug":"diplotaxis","x":4.091,"z":1.845},{"id":"mqo25uvzoq9","slug":"diplotaxis","x":4.324,"z":1.822},{"id":"mqo25vcntku","slug":"diplotaxis","x":4.347,"z":2.136},{"id":"mqo25w4vj30","slug":"diplotaxis","x":4.196,"z":2.404},{"id":"mqo25wmhna3","slug":"diplotaxis","x":3.8,"z":2.508},{"id":"mqo25x88qdy","slug":"diplotaxis","x":3.416,"z":2.345},{"id":"mqo25xuxfmq","slug":"diplotaxis","x":3.998,"z":2.217},{"id":"mqo25ykd3gr","slug":"diplotaxis","x":4.126,"z":2.043},{"id":"mqo25z8g768","slug":"diplotaxis","x":3.416,"z":1.973},{"id":"mqo2601myaz","slug":"diplotaxis","x":3.486,"z":2.613},{"id":"mqo260ndqfp","slug":"diplotaxis","x":4.115,"z":2.625},{"id":"mqo265rnehl","slug":"verbascum","x":3.02,"z":1.659},{"id":"mqo28puhtd1","slug":"atriplex","x":-4.091,"z":3.451},{"id":"mqo28r0l3n8","slug":"atriplex","x":-2.404,"z":3.614},{"id":"mqo28rmdvyi","slug":"atriplex","x":-1.938,"z":3.684},{"id":"mqo28sbtsrv","slug":"atriplex","x":-1.426,"z":3.917},{"id":"mqo28t27hi1","slug":"atriplex","x":-1.193,"z":3.521},{"id":"mqo28tm4a8v","slug":"atriplex","x":-0.844,"z":3.405},{"id":"mqo28u5krdq","slug":"atriplex","x":-0.599,"z":3.381},{"id":"mqo28uwfnqz","slug":"atriplex","x":-0.727,"z":3.521},{"id":"mqo28viniu8","slug":"atriplex","x":-1.333,"z":3.311},{"id":"mqo28wtekja","slug":"atriplex","x":0.436,"z":3.428},{"id":"mqo28xcdznj","slug":"atriplex","x":0.774,"z":3.311},{"id":"mqo28y2bk40","slug":"atriplex","x":0.541,"z":3.637},{"id":"mqo28yznmly","slug":"atriplex","x":-1.018,"z":4.627},{"id":"mqo28zq1r7m","slug":"atriplex","x":-1.088,"z":4.51},{"id":"mqo292u2y7w","slug":"atriplex","x":1.205,"z":4.184},{"id":"mqo293qyqyu","slug":"atriplex","x":1.251,"z":3.963},{"id":"mqo294i9hyb","slug":"atriplex","x":1.472,"z":4.021},{"id":"mqo29cu9laa","slug":"sage","x":-2.834,"z":4.475},{"id":"mqo29qvc2hv","slug":"borago","x":-4.359,"z":3.87},{"id":"mqo29uy41m7","slug":"poppy","x":-4.347,"z":4.545},{"id":"mqo29vhkyhp","slug":"poppy","x":-4.103,"z":4.277},{"id":"mqo29vxaqve","slug":"poppy","x":-3.905,"z":3.847},{"id":"mqo29wefcvi","slug":"poppy","x":-3.626,"z":3.498},{"id":"mqo29wysney","slug":"poppy","x":-3.172,"z":3.381},{"id":"mqo29xfg38m","slug":"poppy","x":-2.799,"z":3.428},{"id":"mqo29y32e20","slug":"poppy","x":-2.695,"z":3.696},{"id":"mqo29yrm002","slug":"poppy","x":-2.799,"z":3.963},{"id":"mqo29zbzfig","slug":"poppy","x":-2.846,"z":4.208},{"id":"mqo2a01gkgn","slug":"poppy","x":-3.23,"z":4.301},{"id":"mqo2a0lccum","slug":"poppy","x":-3.288,"z":3.917},{"id":"mqo2a13vak5","slug":"poppy","x":-3.137,"z":3.672},{"id":"mqo2a1r09r1","slug":"poppy","x":-3.579,"z":4.021},{"id":"mqo2a2k61br","slug":"poppy","x":-3.824,"z":4.487},{"id":"mqo2a3501of","slug":"poppy","x":-3.556,"z":4.499},{"id":"mqo2abn1mpn","slug":"origano_vulgaris","x":-2.38,"z":4.475},{"id":"mqo2aihtzn5","slug":"nasturtium","x":-2.276,"z":4.021},{"id":"mqo2axz7krx","slug":"origano_vulgaris","x":-1.868,"z":4.184},{"id":"mqo2b6k0e5t","slug":"poppy","x":-1.694,"z":3.637},{"id":"mqo2b7gfdzm","slug":"poppy","x":-1.589,"z":3.346},{"id":"mqo2bei4t77","slug":"geranium_pusillum","x":-1.146,"z":3.882},{"id":"mqo2bf8105c","slug":"geranium_pusillum","x":-0.949,"z":3.8},{"id":"mqo2bjmendb","slug":"fumaria_officinalis","x":-0.623,"z":3.789},{"id":"mqo2bk9jt3g","slug":"fumaria_officinalis","x":-0.343,"z":3.719},{"id":"mqo2br2g28h","slug":"fagopyrum","x":-0.029,"z":3.719},{"id":"mqo2brst5j9","slug":"fagopyrum","x":-0.18,"z":4.347},{"id":"mqo2bxbgaf3","slug":"poppy","x":-1.286,"z":4.347},{"id":"mqo2c2xregs","slug":"diplotaxis","x":-2.078,"z":4.615},{"id":"mqo2c3rex62","slug":"diplotaxis","x":-1.6,"z":4.615},{"id":"mqo2c4gegrt","slug":"diplotaxis","x":-1.798,"z":4.51},{"id":"mqo2c525n83","slug":"diplotaxis","x":-1.6,"z":4.359},{"id":"mqo2c5t0i4l","slug":"diplotaxis","x":-1.298,"z":4.592},{"id":"mqo2cag595w","slug":"calendula_arvensis","x":-0.727,"z":4.464},{"id":"mqo2cb2tww0","slug":"calendula_arvensis","x":-0.925,"z":4.312},{"id":"mqo2cghqyzd","slug":"nasturtium","x":-0.448,"z":4.522},{"id":"mqo2cia3jib","slug":"nasturtium","x":0.39,"z":4.51},{"id":"mqo2cqbgy95","slug":"achillea","x":0.076,"z":4.021},{"id":"mqo2cqzzz42","slug":"achillea","x":0.495,"z":3.975},{"id":"mqo2dip72ib","slug":"lactuca","x":0.809,"z":3.637},{"id":"mqo2djjadfi","slug":"lactuca","x":1.065,"z":3.556},{"id":"mqo2dk8agpu","slug":"lactuca","x":0.984,"z":3.835},{"id":"mqo2dwy6vlj","slug":"diplotaxis","x":0.832,"z":4.475},{"id":"mqo2dxfa63y","slug":"diplotaxis","x":1.24,"z":4.406},{"id":"mqo2dy3uy2f","slug":"diplotaxis","x":1.437,"z":4.545},{"id":"mqo2dysd9b9","slug":"diplotaxis","x":1.1,"z":4.568},{"id":"mqo2dzhuxw0","slug":"diplotaxis","x":1.007,"z":4.359},{"id":"mqo2e7mxbrs","slug":"erigeron_annuus","x":4.266,"z":4.417},{"id":"mqo2e86uwdi","slug":"erigeron_annuus","x":4.406,"z":4.091},{"id":"mqo2e8x7eyz","slug":"erigeron_annuus","x":4.312,"z":4.673},{"id":"mqo2egq7dgn","slug":"nasturtium","x":4.208,"z":3.742},{"id":"mqo2es1moc8","slug":"erigeron_annuus","x":2.217,"z":4.534},{"id":"mqo2esk5f1o","slug":"erigeron_annuus","x":2.613,"z":4.499},{"id":"mqo2et5f9br","slug":"erigeron_annuus","x":2.392,"z":4.277},{"id":"mqo2f0ntgdo","slug":"poppy","x":1.926,"z":4.685},{"id":"mqo2f14x9fu","slug":"poppy","x":1.659,"z":4.208},{"id":"mqo2f1pbadg","slug":"poppy","x":1.798,"z":4.487},{"id":"mqo2f26fcqi","slug":"poppy","x":1.647,"z":3.87},{"id":"mqo2f2o1t7a","slug":"poppy","x":1.356,"z":3.614},{"id":"mqo2f3fccw0","slug":"poppy","x":1.391,"z":3.393},{"id":"mqo2f3wholj","slug":"poppy","x":1.728,"z":3.416},{"id":"mqo2f4costp","slug":"poppy","x":2.683,"z":3.567},{"id":"mqo2f4sf5q2","slug":"poppy","x":3.416,"z":3.509},{"id":"mqo2f5axbgm","slug":"poppy","x":3.754,"z":3.672},{"id":"mqo2f63n4gk","slug":"poppy","x":3.742,"z":3.346},{"id":"mqo2f6vw55j","slug":"poppy","x":3.893,"z":3.882},{"id":"mqo2f7d09y7","slug":"poppy","x":4.045,"z":4.161},{"id":"mqo2f7vjxzi","slug":"poppy","x":4.091,"z":4.534},{"id":"mqo2f8jl25g","slug":"poppy","x":3.707,"z":4.615},{"id":"mqo2f8zcdeh","slug":"poppy","x":3.207,"z":4.568},{"id":"mqo2f9gxlm8","slug":"poppy","x":2.776,"z":4.615},{"id":"mqo2fa0e25w","slug":"poppy","x":2.38,"z":4.638},{"id":"mqo2fah2kfx","slug":"poppy","x":2.881,"z":4.254},{"id":"mqo2favv78y","slug":"poppy","x":3.428,"z":4.08},{"id":"mqo2fbeuezs","slug":"poppy","x":3.812,"z":4.254},{"id":"mqo2fbxulkw","slug":"poppy","x":3.183,"z":3.812},{"id":"mqo2fceytmr","slug":"poppy","x":3.125,"z":3.37},{"id":"mqo2fcyv50c","slug":"poppy","x":2.264,"z":3.335},{"id":"mqo2fdibq6q","slug":"poppy","x":2.147,"z":3.754},{"id":"mqo2fe0ua5a","slug":"poppy","x":1.868,"z":3.533},{"id":"mqo2fekqvjk","slug":"poppy","x":1.961,"z":4.115},{"id":"mqo2ff3qj2g","slug":"poppy","x":2.089,"z":4.406},{"id":"mqo2ffkuphr","slug":"poppy","x":2.357,"z":4.021},{"id":"mqo2fg2wygk","slug":"poppy","x":2.799,"z":3.858},{"id":"mqo2fgp45fg","slug":"poppy","x":2.601,"z":3.789},{"id":"mqo2fhkmuv3","slug":"poppy","x":3.067,"z":4.068},{"id":"mqo2oq0rap7","slug":"erigeron_annuus","x":4.44,"z":5.43},{"id":"mqo2or6fh0j","slug":"erigeron_annuus","x":4.289,"z":5.663},{"id":"mqo2p2zw6ng","slug":"geranium_pusillum","x":3.393,"z":5.86},{"id":"mqo2p8m7vor","slug":"atriplex","x":3.09,"z":5.5},{"id":"mqo2pa07l5e","slug":"atriplex","x":0.53,"z":5.569},{"id":"mqo2pasxiv7","slug":"atriplex","x":-1.088,"z":5.511},{"id":"mqo2pbf4xfs","slug":"atriplex","x":-1.437,"z":5.441},{"id":"mqo2pcxbu7v","slug":"atriplex","x":-0.541,"z":6.477},{"id":"mqo2pee230e","slug":"atriplex","x":1.985,"z":6.291},{"id":"mqo2pf4hjh4","slug":"atriplex","x":2.776,"z":6.256},{"id":"mqo2pfq8bt4","slug":"atriplex","x":2.741,"z":6.64},{"id":"mqo2pgz5ng6","slug":"atriplex","x":2.008,"z":6.547},{"id":"mqo2pmkzknd","slug":"bunias","x":2.974,"z":5.86},{"id":"mqo2pzbb83p","slug":"lactuca","x":3.416,"z":5.453},{"id":"mqo2q17u3wh","slug":"poppy","x":4.173,"z":6.582},{"id":"mqo2q1wdlx5","slug":"poppy","x":3.661,"z":6.501},{"id":"mqo2q2efjgp","slug":"poppy","x":4.208,"z":6.082},{"id":"mqo2q35as88","slug":"poppy","x":3.812,"z":5.744},{"id":"mqo2q3yhlcx","slug":"poppy","x":3.672,"z":5.43},{"id":"mqo2q5378bk","slug":"poppy","x":4.091,"z":5.651},{"id":"mqo2q5xa888","slug":"poppy","x":4.417,"z":5.872},{"id":"mqo2q6j3a4v","slug":"poppy","x":4.429,"z":6.384},{"id":"mqo2q74cy46","slug":"poppy","x":4.44,"z":6.699},{"id":"mqo2q7qkbmt","slug":"poppy","x":3.684,"z":6.256},{"id":"mqo2q8ccud7","slug":"poppy","x":3.265,"z":6.07},{"id":"mqo2q8vcuvp","slug":"poppy","x":3.218,"z":6.442},{"id":"mqo2q9ohnrc","slug":"poppy","x":2.846,"z":6.442},{"id":"mqo2qai47la","slug":"poppy","x":3.16,"z":6.687},{"id":"mqo2qckolfi","slug":"poppy","x":3.486,"z":6.664},{"id":"mqo2qfnrwpw","slug":"nasturtium","x":2.31,"z":6.349},{"id":"mqo2ql88b67","slug":"pestwurz","x":2.38,"z":5.779},{"id":"mqo2qm0xtg6","slug":"pestwurz","x":2.008,"z":5.674},{"id":"mqo2qu7dbui","slug":"origano_vulgaris","x":-2.113,"z":5.872},{"id":"mqo2qvdij2b","slug":"origano_vulgaris","x":-1.891,"z":6.442},{"id":"mqo2r3dxalp","slug":"ballota_nigra","x":1.321,"z":6.082},{"id":"mqo2r8supht","slug":"ballota_nigra","x":-2.811,"z":5.488},{"id":"mqo2rdzvly9","slug":"mentha","x":-2.473,"z":6.454},{"id":"mqo2rn6fbdi","slug":"diplotaxis","x":-0.658,"z":5.884},{"id":"mqo2rnpgszn","slug":"diplotaxis","x":-0.483,"z":6.07},{"id":"mqo2ro6jsx2","slug":"diplotaxis","x":-0.204,"z":6},{"id":"mqo2roru2qi","slug":"diplotaxis","x":-0.204,"z":6.198},{"id":"mqo2rpfgdwv","slug":"diplotaxis","x":-0.413,"z":6.291},{"id":"mqo2rq25ihj","slug":"diplotaxis","x":-1.263,"z":6.489},{"id":"mqo2rqsk8wy","slug":"diplotaxis","x":-1.403,"z":6.349},{"id":"mqo2rrl8wxw","slug":"diplotaxis","x":-1.577,"z":6.594},{"id":"mqo2rscj459","slug":"diplotaxis","x":-1.181,"z":6.617},{"id":"mqo2rt6n5zb","slug":"diplotaxis","x":-0.18,"z":6.524},{"id":"mqo2rtv6hxk","slug":"diplotaxis","x":-0.087,"z":6.338},{"id":"mqo2rufkl8a","slug":"diplotaxis","x":0.134,"z":6.338},{"id":"mqo2rv27eof","slug":"diplotaxis","x":0.029,"z":6.57},{"id":"mqo2s6i49aw","slug":"erigeron_annuus","x":1.694,"z":5.441},{"id":"mqo2s7adfh9","slug":"erigeron_annuus","x":1.403,"z":5.383},{"id":"mqo2s7x1afv","slug":"erigeron_annuus","x":1.496,"z":5.686},{"id":"mqo2sdf7ltw","slug":"ballota_nigra","x":0.914,"z":6.373},{"id":"mqo2sozcd9b","slug":"lactuca","x":-1.17,"z":6.128},{"id":"mqo2spxlpn8","slug":"lactuca","x":-1.018,"z":5.837},{"id":"mqo2sxq60r6","slug":"geranium_pusillum","x":-0.436,"z":5.709},{"id":"mqo2sys4kck","slug":"geranium_pusillum","x":-0.262,"z":5.872},{"id":"mqo2t5oqwuc","slug":"lactuca","x":-0.041,"z":5.732},{"id":"mqo2t6bfupx","slug":"lactuca","x":0.169,"z":5.581},{"id":"mqo2tncd0wx","slug":"symphytum","x":0.588,"z":6.023},{"id":"mqo2tz7paqe","slug":"diplotaxis","x":1.368,"z":6.675},{"id":"mqo2tzuee8w","slug":"diplotaxis","x":1.577,"z":6.419},{"id":"mqo2u0earmg","slug":"diplotaxis","x":1.705,"z":6.163},{"id":"mqo2u40uvdx","slug":"diplotaxis","x":1.682,"z":5.895},{"id":"mqo2u4pe5zm","slug":"diplotaxis","x":1.868,"z":6.64},{"id":"mqo2u5jhnpd","slug":"diplotaxis","x":0.995,"z":5.814},{"id":"mqo2u673zwa","slug":"diplotaxis","x":1.216,"z":5.616},{"id":"mqo2u6rgomn","slug":"diplotaxis","x":1.007,"z":5.488},{"id":"mqo2u7syd1e","slug":"diplotaxis","x":1.042,"z":5.325},{"id":"mqo2u8dsmho","slug":"diplotaxis","x":0.716,"z":5.302},{"id":"mqo2ubbtoi6","slug":"atriplex","x":0.297,"z":6.501},{"id":"mqo2ug4ybi6","slug":"poppy","x":-4.091,"z":5.814},{"id":"mqo2ugpcqx6","slug":"poppy","x":-3.777,"z":5.546},{"id":"mqo2uh6yb20","slug":"poppy","x":-3.346,"z":5.732},{"id":"mqo2uhoio3n","slug":"poppy","x":-3.125,"z":6.012},{"id":"mqo2ui56u91","slug":"poppy","x":-3.533,"z":6.396},{"id":"mqo2uinphxk","slug":"poppy","x":-4.243,"z":6.559},{"id":"mqo2uj5r7ip","slug":"poppy","x":-4.289,"z":6.151},{"id":"mqo2ujnt65p","slug":"poppy","x":-3.963,"z":6.408},{"id":"mqo2uk79shc","slug":"poppy","x":-2.858,"z":6.442},{"id":"mqo2ukt1bpx","slug":"poppy","x":-2.823,"z":6.221},{"id":"mqo2uldeeqc","slug":"poppy","x":-3.288,"z":6.326},{"id":"mqo2ulvhin3","slug":"poppy","x":-3.719,"z":5.907},{"id":"mqo2ummrg1d","slug":"poppy","x":-2.567,"z":5.779},{"id":"mqo2un8i50y","slug":"poppy","x":-2.334,"z":5.488},{"id":"mqo2uo2mhwt","slug":"poppy","x":-1.763,"z":6.128},{"id":"mqo2uopcb93","slug":"poppy","x":-1.484,"z":5.767},{"id":"mqo2uph2hg7","slug":"poppy","x":-1.74,"z":5.767},{"id":"mqo2uq7gc6t","slug":"poppy","x":-1.403,"z":6.151},{"id":"mqo2uqsap22","slug":"poppy","x":-1.112,"z":6.303},{"id":"mqo2urd5fmr","slug":"poppy","x":-0.716,"z":6.14},{"id":"mqo2urztszo","slug":"poppy","x":-0.809,"z":5.93},{"id":"mqo2usrlp7r","slug":"poppy","x":0.169,"z":6.07},{"id":"mqo2utjei8f","slug":"poppy","x":0.32,"z":5.826},{"id":"mqo2uu9shb8","slug":"poppy","x":0.844,"z":5.744},{"id":"mqo2uvu9jzr","slug":"poppy","x":1.915,"z":6.128},{"id":"mqo2uwq8yyv","slug":"poppy","x":0.611,"z":6.687},{"id":"mqo2xetqqbr","slug":"fumaria_officinalis","x":-3.405,"z":8.025},{"id":"mqo2xfc9v6r","slug":"fumaria_officinalis","x":-3.358,"z":7.7},{"id":"mqo2xg1qszs","slug":"fumaria_officinalis","x":-3.463,"z":9.12},{"id":"mqo2xh0g5a6","slug":"fumaria_officinalis","x":-0.588,"z":7.665},{"id":"mqo2xwk6ppj","slug":"phacelia","x":-3.218,"z":8.631},{"id":"mqo2xxjt5io","slug":"phacelia","x":-2.729,"z":8.375},{"id":"mqo2y7kg0hn","slug":"lactuca","x":0.39,"z":7.828},{"id":"mqo2y8avt9b","slug":"lactuca","x":0.215,"z":8.107},{"id":"mqo2y8yxeeo","slug":"lactuca","x":0.751,"z":7.618},{"id":"mqo2ymdcdwz","slug":"erigeron_annuus","x":1.042,"z":8.351},{"id":"mqo2yn0igpx","slug":"erigeron_annuus","x":0.704,"z":8.351},{"id":"mqo2ynkekaa","slug":"erigeron_annuus","x":1.042,"z":7.828},{"id":"mqo2yuymjsk","slug":"phacelia","x":1.298,"z":7.7},{"id":"mqo2yvxsni5","slug":"phacelia","x":1.775,"z":7.804},{"id":"mqo2z3a5bd9","slug":"atriplex","x":0.134,"z":8.747},{"id":"mqo2z3xa2sk","slug":"atriplex","x":-0.227,"z":7.944},{"id":"mqo2z4mr44g","slug":"atriplex","x":0.727,"z":8.712},{"id":"mqo2z5corfs","slug":"atriplex","x":0.052,"z":9.038},{"id":"mqo2z6bv5ut","slug":"atriplex","x":-2.753,"z":8.945},{"id":"mqo2zd8ybjh","slug":"chelidonium_majus","x":1.275,"z":8.91},{"id":"mqo2ze3ynyp","slug":"chelidonium_majus","x":1.728,"z":8.642},{"id":"mqo2zk6y86m","slug":"diplotaxis","x":-4.138,"z":8.328},{"id":"mqo2zkojg39","slug":"diplotaxis","x":-3.917,"z":7.7},{"id":"mqo2zl4qm67","slug":"diplotaxis","x":-4.254,"z":7.653},{"id":"mqo2zlmcmio","slug":"diplotaxis","x":-3.94,"z":7.432},{"id":"mqo2zm226t7","slug":"diplotaxis","x":-3.568,"z":7.374},{"id":"mqo2zmnujve","slug":"diplotaxis","x":-3.242,"z":7.362},{"id":"mqo2zn3ktnr","slug":"diplotaxis","x":-3.114,"z":7.513},{"id":"mqo2zofqfks","slug":"diplotaxis","x":-2.625,"z":7.688},{"id":"mqo2zp5nsc9","slug":"diplotaxis","x":-2.695,"z":7.513},{"id":"mqo2zpscsbi","slug":"diplotaxis","x":-1.88,"z":7.385},{"id":"mqo2zqhck7b","slug":"diplotaxis","x":-1.589,"z":7.49},{"id":"mqo2zqyh604","slug":"diplotaxis","x":-1.624,"z":7.816},{"id":"mqo2zrl5gvr","slug":"diplotaxis","x":-1.624,"z":8.037},{"id":"mqo2zsa5az1","slug":"diplotaxis","x":-1.356,"z":8.153},{"id":"mqo2zssomwx","slug":"diplotaxis","x":-1.368,"z":8.526},{"id":"mqo2zt9twpc","slug":"diplotaxis","x":-1.682,"z":8.607},{"id":"mqo2ztqhdp6","slug":"diplotaxis","x":-1.775,"z":8.107},{"id":"mqo2zu5r3e9","slug":"diplotaxis","x":-2.136,"z":7.711},{"id":"mqo2zuoqjnv","slug":"diplotaxis","x":-2.299,"z":7.467},{"id":"mqo2zv8n7a1","slug":"diplotaxis","x":-2.334,"z":8.119},{"id":"mqo2zvthhfo","slug":"diplotaxis","x":-2.299,"z":8.712},{"id":"mqo2zwf82m2","slug":"diplotaxis","x":-2.054,"z":8.794},{"id":"mqo2zwyo5eg","slug":"diplotaxis","x":-2.066,"z":8.456},{"id":"mqo2zxt8ysn","slug":"diplotaxis","x":-3.94,"z":8.014},{"id":"mqo2zylxp01","slug":"diplotaxis","x":-4.336,"z":7.967},{"id":"mqo2zzcbfwt","slug":"diplotaxis","x":-3.637,"z":7.676},{"id":"mqo2zzy3luy","slug":"diplotaxis","x":-3.672,"z":8.305},{"id":"mqo300igxqf","slug":"diplotaxis","x":-3.893,"z":8.584},{"id":"mqo30101ys2","slug":"diplotaxis","x":-4.382,"z":8.631},{"id":"mqo301fbu8q","slug":"diplotaxis","x":-4.359,"z":9.189},{"id":"mqo301xuagd","slug":"diplotaxis","x":-3.905,"z":9.399},{"id":"mqo302d4jco","slug":"diplotaxis","x":-3.952,"z":9.795},{"id":"mqo302svz3z","slug":"diplotaxis","x":-3.486,"z":9.934},{"id":"mqo303d8tkv","slug":"diplotaxis","x":-3.16,"z":9.981},{"id":"mqo303w7tf7","slug":"diplotaxis","x":-2.718,"z":10.027},{"id":"mqo304t3bia","slug":"diplotaxis","x":-2.997,"z":10.109},{"id":"mqo305euf1b","slug":"diplotaxis","x":-3.637,"z":10.109},{"id":"mqo305zo658","slug":"diplotaxis","x":-4.115,"z":10.132},{"id":"mqo306ki171","slug":"diplotaxis","x":-4.44,"z":10.039},{"id":"mqo3078l30u","slug":"diplotaxis","x":-4.347,"z":9.713},{"id":"mqo307tftjb","slug":"diplotaxis","x":-4.196,"z":9.364},{"id":"mqo308ajyi4","slug":"diplotaxis","x":-4.115,"z":8.735},{"id":"mqo308uxqng","slug":"diplotaxis","x":-3.882,"z":8.968},{"id":"mqo309xczkl","slug":"diplotaxis","x":-4.394,"z":8.898},{"id":"mqo30aexgtg","slug":"diplotaxis","x":-4.091,"z":9.108},{"id":"mqo30dt6476","slug":"diplotaxis","x":-1.752,"z":8.351},{"id":"mqo30eq18qt","slug":"diplotaxis","x":-1.275,"z":7.35},{"id":"mqo30f9hsxu","slug":"diplotaxis","x":-1.03,"z":7.385},{"id":"mqo30g3kdde","slug":"diplotaxis","x":-0.751,"z":7.432},{"id":"mqo30grnsmv","slug":"diplotaxis","x":-0.867,"z":7.886},{"id":"mqo30hf9106","slug":"diplotaxis","x":-0.96,"z":7.583},{"id":"mqo30lf8el9","slug":"poppy","x":-3.067,"z":9.271},{"id":"mqo30lyoy1e","slug":"poppy","x":-3.172,"z":9.667},{"id":"mqo30mgqcrs","slug":"poppy","x":-3.626,"z":9.445},{"id":"mqo30n1k3eh","slug":"poppy","x":-3.032,"z":8.898},{"id":"mqo30ngublw","slug":"poppy","x":-2.543,"z":8.852},{"id":"mqo30nx2bcb","slug":"poppy","x":-2.078,"z":8.968},{"id":"mqo30od9dlt","slug":"poppy","x":-1.74,"z":9.05},{"id":"mqo30otxhvq","slug":"poppy","x":-1.216,"z":8.689},{"id":"mqo30pergvv","slug":"poppy","x":-1.356,"z":8.235},{"id":"mqo30pu1eem","slug":"poppy","x":-1.321,"z":7.734},{"id":"mqo30qhn44c","slug":"poppy","x":-0.984,"z":7.886},{"id":"mqo30qybxi1","slug":"poppy","x":-0.739,"z":8.084},{"id":"mqo30rpmky8","slug":"poppy","x":-0.262,"z":8.165},{"id":"mqo30sdp52r","slug":"poppy","x":0.029,"z":7.571},{"id":"mqo30sx5r3x","slug":"poppy","x":0.052,"z":8.223},{"id":"mqo30tea78y","slug":"poppy","x":0.274,"z":8.514},{"id":"mqo30tvepsw","slug":"poppy","x":0.576,"z":8.526},{"id":"mqo30ucj09k","slug":"poppy","x":0.471,"z":9.015},{"id":"mqo30v6m7ov","slug":"poppy","x":0.332,"z":8.735},{"id":"mqo30vr0vtn","slug":"poppy","x":-0.32,"z":8.526},{"id":"mqo30wj8hpx","slug":"poppy","x":-0.064,"z":8.572},{"id":"mqo30ydg7r4","slug":"poppy","x":-0.681,"z":8.491},{"id":"mqo30z0llwg","slug":"poppy","x":-1.018,"z":8.363},{"id":"mqo30zmcgdw","slug":"poppy","x":-0.96,"z":8.875},{"id":"mqo31030fbi","slug":"poppy","x":-0.483,"z":8.863},{"id":"mqo310rklsk","slug":"poppy","x":-0.169,"z":8.794},{"id":"mqo311hh7ft","slug":"poppy","x":-0.099,"z":9.085},{"id":"mqo311wae5s","slug":"poppy","x":-0.099,"z":9.515},{"id":"mqo312cy1pv","slug":"poppy","x":-0.89,"z":9.573},{"id":"mqo313ky2y0","slug":"poppy","x":1.251,"z":8.188},{"id":"mqo314bs4pa","slug":"poppy","x":1.728,"z":8.212},{"id":"mqo3154zg61","slug":"poppy","x":1.705,"z":7.432},{"id":"mqo315nhb4o","slug":"poppy","x":2.264,"z":7.409},{"id":"mqo3164mq2z","slug":"poppy","x":2.299,"z":7.595},{"id":"mqo316m7v70","slug":"poppy","x":3.148,"z":7.7},{"id":"mqo3171ypi5","slug":"poppy","x":3.556,"z":8.188},{"id":"mqo317gr2z4","slug":"poppy","x":3.521,"z":8.677},{"id":"mqo317xw1n4","slug":"poppy","x":3.032,"z":9.189},{"id":"mqo318ge6wu","slug":"poppy","x":2.555,"z":8.654},{"id":"mqo319ng6j7","slug":"poppy","x":-2.776,"z":9.585},{"id":"mqo31a6x02l","slug":"poppy","x":-2.648,"z":9.154},{"id":"mqo31aois3v","slug":"poppy","x":-2.264,"z":9.224},{"id":"mqo31b5mdvm","slug":"poppy","x":-2.113,"z":9.655},{"id":"mqo31btpwwa","slug":"poppy","x":-2.462,"z":9.515},{"id":"mqo31cd5s1k","slug":"poppy","x":-2.473,"z":9.946},{"id":"mqo31d18gdi","slug":"poppy","x":-2.078,"z":9.993},{"id":"mqo31dhwno2","slug":"poppy","x":-1.67,"z":10.016},{"id":"mqo31dzhq26","slug":"poppy","x":-1.6,"z":9.643},{"id":"mqo31efp4qs","slug":"poppy","x":-1.868,"z":9.387},{"id":"mqo31ewclgs","slug":"poppy","x":-1.368,"z":9.259},{"id":"mqo31fo573q","slug":"poppy","x":-1.484,"z":8.84},{"id":"mqo31gbrx8l","slug":"poppy","x":-0.914,"z":9.294},{"id":"mqo31gvn7r6","slug":"poppy","x":-0.553,"z":9.201},{"id":"mqo31hf33es","slug":"poppy","x":-0.378,"z":9.76},{"id":"mqo31i0vws9","slug":"poppy","x":-1.298,"z":10.004},{"id":"mqo31ikb10c","slug":"poppy","x":-1.275,"z":9.608},{"id":"mqo31j7x5ql","slug":"poppy","x":-0.821,"z":10.016},{"id":"mqo31jsazp2","slug":"poppy","x":-0.169,"z":10.039},{"id":"mqo31kc7q9j","slug":"poppy","x":0.413,"z":9.934},{"id":"mqo31l7pj7d","slug":"poppy","x":0.495,"z":9.457},{"id":"mqo31lutl7x","slug":"poppy","x":0.25,"z":9.283},{"id":"mqo31mdtndq","slug":"poppy","x":0.809,"z":9.236},{"id":"mqo31mynzb2","slug":"poppy","x":0.972,"z":8.945},{"id":"mqo31noko0g","slug":"poppy","x":1.542,"z":9.201},{"id":"mqo31ocnej2","slug":"poppy","x":1.449,"z":8.596},{"id":"mqo31ov55ea","slug":"poppy","x":2.101,"z":8.735},{"id":"mqo31pe5l6a","slug":"poppy","x":2.136,"z":8.27},{"id":"mqo31putuam","slug":"poppy","x":2.543,"z":7.793},{"id":"mqo31qlnndr","slug":"poppy","x":2.776,"z":7.409},{"id":"mqo31r465gb","slug":"poppy","x":2.776,"z":8.06},{"id":"mqo31rkvcz4","slug":"poppy","x":3.137,"z":8.223},{"id":"mqo31sj4fep","slug":"poppy","x":2.264,"z":9.562},{"id":"mqo31szbcu9","slug":"poppy","x":1.822,"z":9.632},{"id":"mqo31thdj0s","slug":"poppy","x":0.937,"z":9.795},{"id":"mqo31u27zv1","slug":"poppy","x":1.065,"z":9.422},{"id":"mqo31unydxv","slug":"poppy","x":1.379,"z":9.76},{"id":"mqo31v8sd9t","slug":"poppy","x":1.903,"z":9.993},{"id":"mqo31vqdl1d","slug":"poppy","x":3.148,"z":9.934},{"id":"mqo31w7zexr","slug":"poppy","x":3.94,"z":9.771},{"id":"mqo31wsc4lq","slug":"poppy","x":4.324,"z":9.026},{"id":"mqo31x91xcu","slug":"poppy","x":4.301,"z":8.386},{"id":"mqo31xvp3lh","slug":"poppy","x":4.382,"z":7.711},{"id":"mqo31ym3lfd","slug":"poppy","x":4.475,"z":7.374},{"id":"mqo31zso96j","slug":"poppy","x":4.08,"z":7.676},{"id":"mqo320q095o","slug":"poppy","x":3.73,"z":7.49},{"id":"mqo322ufdtr","slug":"poppy","x":3.975,"z":7.281},{"id":"mqo3240jq1a","slug":"poppy","x":3.521,"z":7.385},{"id":"mqo324ho85g","slug":"poppy","x":3.09,"z":7.327},{"id":"mqo32515uqn","slug":"poppy","x":3.474,"z":7.746},{"id":"mqo325jopzh","slug":"poppy","x":4.01,"z":8.014},{"id":"mqo326x7rcu","slug":"poppy","x":3.975,"z":8.631},{"id":"mqo327mm1cz","slug":"poppy","x":4.44,"z":8.025},{"id":"mqo328h6x3d","slug":"poppy","x":2.555,"z":8.316},{"id":"mqo3299gsf8","slug":"poppy","x":2.904,"z":7.7},{"id":"mqo329tcvmu","slug":"poppy","x":2.788,"z":8.666},{"id":"mqo32aaxml8","slug":"poppy","x":3.114,"z":8.572},{"id":"mqo32atw5v7","slug":"poppy","x":2.264,"z":9.143},{"id":"mqo32bjddly","slug":"poppy","x":1.938,"z":9.108},{"id":"mqo32c5lrex","slug":"poppy","x":2.613,"z":9.294},{"id":"mqo32cum1f5","slug":"poppy","x":2.683,"z":9.026},{"id":"mqo32dhqov2","slug":"poppy","x":3.172,"z":8.98},{"id":"mqo32dzsxoh","slug":"poppy","x":3.696,"z":8.922},{"id":"mqo32eucybl","slug":"poppy","x":3.952,"z":9.026},{"id":"mqo32fifjqa","slug":"poppy","x":4.324,"z":9.341},{"id":"mqo32g0zs2t","slug":"poppy","x":4.44,"z":9.771},{"id":"mqo32gp1nly","slug":"poppy","x":4.406,"z":10.074},{"id":"mqo32has9wj","slug":"poppy","x":3.917,"z":10.109},{"id":"mqo32hvn9pp","slug":"poppy","x":3.579,"z":10.179},{"id":"mqo32iotee1","slug":"poppy","x":3.055,"z":10.19},{"id":"mqo32j88s7l","slug":"poppy","x":2.52,"z":10.051},{"id":"mqo32jug2x1","slug":"poppy","x":2.206,"z":9.899},{"id":"mqo32kc199v","slug":"poppy","x":2.613,"z":9.62},{"id":"mqo32ksqspg","slug":"poppy","x":3.463,"z":9.434},{"id":"mqo32llvoau","slug":"poppy","x":3.474,"z":9.108},{"id":"mqo32m9h08v","slug":"poppy","x":3.812,"z":9.364},{"id":"mqo32n4ixf3","slug":"poppy","x":4.068,"z":9.457},{"id":"mqo32nufvyq","slug":"poppy","x":3.835,"z":8.34},{"id":"mqo32onl2rk","slug":"poppy","x":3.661,"z":9.702},{"id":"mqo32pfdbvh","slug":"poppy","x":3.381,"z":9.923},{"id":"mqo32pyt2vb","slug":"poppy","x":3.183,"z":9.562},{"id":"mqo32qiqryl","slug":"poppy","x":2.741,"z":9.83},{"id":"mqo32r87qyd","slug":"poppy","x":2.811,"z":10.19},{"id":"mqo32rwanu6","slug":"poppy","x":2.206,"z":10.179},{"id":"mqo32sn440u","slug":"poppy","x":1.519,"z":10.074},{"id":"mqo32tc4a5m","slug":"poppy","x":1.205,"z":10.179},{"id":"mqo32tzr75d","slug":"poppy","x":0.797,"z":10.155},{"id":"mqo32unc7c0","slug":"poppy","x":0.157,"z":10.19},{"id":"mqo32vf4oht","slug":"poppy","x":0.134,"z":9.783},{"id":"mqo32w361m9","slug":"poppy","x":0.646,"z":9.702},{"id":"mqo32wqczry","slug":"poppy","x":1.589,"z":9.539},{"id":"mqo32xdz1mf","slug":"poppy","x":2.019,"z":9.387},{"id":"mqo32y13q0t","slug":"poppy","x":2.345,"z":8.957},{"id":"mqo32ytc1x6","slug":"poppy","x":3.765,"z":7.781},{"id":"mqo32zkneb0","slug":"poppy","x":4.417,"z":8.689},{"id":"mqqtmzxkclx","slug":"anthemis","x":-3.3,"z":-0.169}]}],"currentId":"mqma1tkf","_savedAt":1782230651972,"colorOverrides":{"fumaria_officinalis":"#c52b85","acker":"#2e5fc2","karde":"#cb75d7","faerber":"#ecdb22","krause":"#cd47a9"},"nameOverrides":{"achillea":{"name":"Achillea filipendulina"},"anthemis":{"name":"Anthemis tinctoria","name_de":"Färberkamille"},"bunias":{"name_de":"Orientalische Zackenschote","name":"Bunias orientalis"},"poppy":{"name":"Papaver rhoeas","name_de":"Klatschmohn"},"verbascum":{"name":"Verbascum nigrum"},"arenaria_serpyllifolia":{"name":"Arenaria serpyllifolia"},"artemisia":{"name":"Artemisia absinthium"},"atriplex":{"name":"Atriplex hortensis var. rubra"},"beta":{"name":"Beta vulgaris vulgaris"},"brassica_sabellica":{"name":"Brassica oleracea var. sabellica"},"calendula_arvensis":{"name":"Calendula arvensis"},"chaerophyllum_temulum":{"name":"Chaerophyllum temulum"},"chelidonium_majus":{"name":"Chelidonium majus"},"artichoke":{"name":"Cynara scolymus"},"diplotaxis":{"name":"Diplotaxis tenuifolia","name_de":"Wilde Rauke"},"erigeron_annuus":{"name":"Erigeron annuus","name_de":"Feinstrahl-Berufkraut"},"euphorbia_helioscopia":{"name":"Euphorbia helioscopia"},"fagopyrum":{"name":"Fagopyrum esculentum"},"fennel":{"name":"Foeniculum vulgare"},"fumaria_officinalis":{"name":"Fumaria officinalis"},"geranium_pusillum":{"name":"Geranium pusillum"},"lactuca":{"name":"Lactuca serriola"},"medicago_lupulina":{"name":"Medicago Lupulina"},"mentha":{"name":"Mentha spicata"},"nicotiana":{"name":"Nicotiana plumbaginifolia"},"origano_vulgaris":{"name":"Origano vulgaris"},"phacelia":{"name":"Phacelia tanacetifolia"},"potentilla_reptans":{"name":"Potentilla reptans"},"sage":{"name":"Salvia officinalis"},"symphytum":{"name":"Symphytum officinale"},"tithonia":{"name":"Tithonia rotundifolia"},"nasturtium":{"name":"Tropaeolum majus"},"acker":{"name":"Anchusa arvensis","name_de":"Acker-Ochsenzunge","family":"Boraginaceae"},"ballota_nigra":{"name":"Ballota nigra"},"karde":{"name":"Dipsacus sylvestris","name_de":"Große Karde","family":"Caprifoliaceae"},"faerber":{"name":"Coreopsis tinctoria","name_de":"Färber-Mädchenauge","family":"Asteraceae"},"krause":{"name":"Carduus crispus","name_de":"Krause Ringdistel","family":"Asteraceae"},"lamium":{"name":"Lamium purpureum"}}}','2026-06-23 16:04:11');
CREATE TABLE observations (
    id       INTEGER PRIMARY KEY AUTOINCREMENT,
    garden   TEXT NOT NULL DEFAULT 'betonbeete',
    date     TEXT,
    type     TEXT NOT NULL DEFAULT 'foto',
    text     TEXT,
    filename TEXT,
    created  TEXT NOT NULL DEFAULT (datetime('now'))
  );
INSERT INTO observations VALUES(1,'betonbeete','2026-06-04','foto',NULL,'1781959246790-wsei6usjlmr.jpeg','2026-06-20 12:40:46');
INSERT INTO observations VALUES(2,'betonbeete','2026-05-21','foto',NULL,'1782027225274-f4uw7zmiqf.jpeg','2026-06-21 07:33:45');
INSERT INTO observations VALUES(4,'betonbeete','2026-05-21','foto',NULL,'1782027299383-wuea0dx9hlc.jpeg','2026-06-21 07:34:59');
INSERT INTO observations VALUES(5,'betonbeete','2026-05-21','foto',NULL,'1782027419482-7w8u198yphv.jpeg','2026-06-21 07:36:59');
INSERT INTO observations VALUES(6,'betonbeete','2026-06-06','foto',NULL,'1782027742958-zy7zmxgzps.jpeg','2026-06-21 07:42:22');
INSERT INTO observations VALUES(7,'betonbeete','2026-06-06','foto',NULL,'1782027867154-77kh7kmut3g.jpeg','2026-06-21 07:44:27');
INSERT INTO observations VALUES(8,'betonbeete','2026-06-06','foto',NULL,'1782027937817-kzyshk076r.jpeg','2026-06-21 07:45:37');
INSERT INTO observations VALUES(9,'betonbeete','2026-05-18','foto',NULL,'1782028049032-04762ggx2fy7.jpg','2026-06-21 07:47:29');
INSERT INTO observations VALUES(10,'betonbeete','2026-05-22','foto',NULL,'1782028068281-zxbr6bpbe8g.jpg','2026-06-21 07:47:48');
INSERT INTO observations VALUES(11,'betonbeete','2026-06-06','foto',NULL,'1782028089231-gvxschsmqxq.jpg','2026-06-21 07:48:09');
INSERT INTO observations VALUES(13,'betonbeete','2026-06-06','foto',NULL,'1782028264743-rkff8k8gha.jpg','2026-06-21 07:51:04');
INSERT INTO observations VALUES(14,'betonbeete','2026-06-06','foto',NULL,'1782028311591-ntuse40d11d.jpg','2026-06-21 07:51:51');
INSERT INTO observations VALUES(15,'betonbeete','2026-05-21','foto',NULL,'1782028461155-xqv5pe6bd29.jpeg','2026-06-21 07:54:21');
INSERT INTO observations VALUES(16,'betonbeete','2026-05-21','foto',NULL,'1782030211650-d4odjpbbhwu.jpeg','2026-06-21 08:23:31');
INSERT INTO observations VALUES(18,'betonbeete','2026-05-23','foto',NULL,'1782030455750-724qrxaiq1r.jpeg','2026-06-21 08:27:35');
INSERT INTO observations VALUES(19,'betonbeete','2026-06-06','foto',NULL,'1782030515416-rpzht2a7r8.jpeg','2026-06-21 08:28:35');
INSERT INTO observations VALUES(20,'betonbeete','2026-06-06','foto',NULL,'1782030560201-nsj63afmcu.jpeg','2026-06-21 08:29:20');
INSERT INTO observations VALUES(21,'betonbeete','2026-06-06','foto',NULL,'1782030595518-kqayakm2vii.jpeg','2026-06-21 08:29:55');
INSERT INTO observations VALUES(22,'betonbeete','2026-06-06','foto',NULL,'1782030640918-cvlf4js9paw.jpeg','2026-06-21 08:30:40');
INSERT INTO observations VALUES(23,'betonbeete','2026-06-06','foto',NULL,'1782030695369-2dz1fs6xku9.jpeg','2026-06-21 08:31:35');
INSERT INTO observations VALUES(24,'betonbeete','2026-05-18','foto',NULL,'1782031745774-pp4ywcwsd5g.jpg','2026-06-21 08:49:05');
INSERT INTO observations VALUES(25,'betonbeete','0005-06-18','foto',NULL,'1782031763506-vvjh8weom7r.jpg','2026-06-21 08:49:23');
INSERT INTO observations VALUES(27,'betonbeete','2026-05-18','foto',NULL,'1782032050642-20zjvv8mf6l.jpeg','2026-06-21 08:54:10');
INSERT INTO observations VALUES(28,'betonbeete','2026-05-18','foto',NULL,'1782032156227-6tfadpcb27g.jpg','2026-06-21 08:55:56');
INSERT INTO observations VALUES(29,'betonbeete','2026-05-18','herbarbeleg',NULL,'1782032553865-r1l4puzrjf.JPG','2026-06-21 09:02:33');
INSERT INTO observations VALUES(30,'betonbeete','2026-05-18','herbarbeleg',NULL,'1782032601731-tymha9d3yl.JPG','2026-06-21 09:03:21');
INSERT INTO observations VALUES(31,'betonbeete','2026-05-18','herbarbeleg',NULL,'1782032640884-4int7ida8qj.JPG','2026-06-21 09:04:00');
INSERT INTO observations VALUES(32,'betonbeete','2026-05-18','herbarbeleg',NULL,'1782032673117-77ufdm45blu.JPG','2026-06-21 09:04:33');
INSERT INTO observations VALUES(33,'betonbeete','2026-05-18','herbarbeleg',NULL,'1782032699334-a66xy1n8a99.JPG','2026-06-21 09:04:59');
INSERT INTO observations VALUES(34,'betonbeete','2026-05-18','herbarbeleg',NULL,'1782032739668-46fprzsenzf.JPG','2026-06-21 09:05:39');
INSERT INTO observations VALUES(35,'betonbeete','2026-05-18','herbarbeleg',NULL,'1782032763483-uj9c4mn88.JPG','2026-06-21 09:06:03');
INSERT INTO observations VALUES(36,'betonbeete','2026-05-18','herbarbeleg',NULL,'1782032791352-69cwsllizap.JPG','2026-06-21 09:06:31');
INSERT INTO observations VALUES(37,'betonbeete','2026-05-18','herbarbeleg',NULL,'1782032816450-ss1nnujod4.JPG','2026-06-21 09:06:56');
INSERT INTO observations VALUES(38,'betonbeete','2026-05-18','herbarbeleg',NULL,'1782032855835-liasidg5xm.JPG','2026-06-21 09:07:35');
INSERT INTO observations VALUES(39,'betonbeete','2026-05-18','herbarbeleg',NULL,'1782032881669-0pe3z9nosvsj.JPG','2026-06-21 09:08:01');
INSERT INTO observations VALUES(40,'betonbeete','2026-06-06','herbarbeleg',NULL,'1782033387712-1iqbbimzxiz.JPG','2026-06-21 09:16:27');
INSERT INTO observations VALUES(41,'betonbeete','2026-06-06','herbarbeleg',NULL,'1782033471689-jnn22xg9vph.jpg','2026-06-21 09:17:51');
INSERT INTO observations VALUES(42,'betonbeete','2026-06-06','herbarbeleg',NULL,'1782035643149-xtkdn0xtadp.jpg','2026-06-21 09:54:03');
INSERT INTO observations VALUES(43,'betonbeete','2026-06-06','herbarbeleg',NULL,'1782035806581-f5exv0zxsvq.jpg','2026-06-21 09:56:46');
INSERT INTO observations VALUES(44,'betonbeete','2026-06-06','herbarbeleg',NULL,'1782035982048-4f0w5k6o2ju.jpg','2026-06-21 09:59:42');
INSERT INTO observations VALUES(45,'betonbeete','2026-06-06','herbarbeleg',NULL,'1782036176616-j4ahhgchzt.jpg','2026-06-21 10:02:56');
INSERT INTO observations VALUES(46,'betonbeete','2026-06-06','herbarbeleg',NULL,'1782036294784-lncc6sbrgk.jpg','2026-06-21 10:04:54');
INSERT INTO observations VALUES(47,'betonbeete','2026-06-06','herbarbeleg',NULL,'1782036387966-v8fkkcaj54.jpg','2026-06-21 10:06:27');
INSERT INTO observations VALUES(48,'betonbeete','2026-06-06','herbarbeleg',NULL,'1782036542683-wq62artbo2.jpg','2026-06-21 10:09:02');
INSERT INTO observations VALUES(49,'betonbeete','2026-06-06','foto',NULL,'1782037530286-3sat2gr5edj.jpg','2026-06-21 10:25:30');
INSERT INTO observations VALUES(50,'betonbeete','2026-06-06','foto',NULL,'1782037607917-g24z6j4cf3f.JPG','2026-06-21 10:26:47');
INSERT INTO observations VALUES(53,'betonbeete','2026-06-06','herbarbeleg',NULL,'1782037844154-1twvjj9j8is.jpg','2026-06-21 10:30:44');
INSERT INTO observations VALUES(54,'betonbeete','2026-05-21','herbarbeleg',NULL,'1782037855335-q7s6tyeqhg.JPG','2026-06-21 10:30:55');
INSERT INTO observations VALUES(55,'betonbeete','2026-06-06','herbarbeleg',NULL,'1782037934417-bp89wh2hl38.JPG','2026-06-21 10:32:14');
INSERT INTO observations VALUES(56,'betonbeete','2026-05-19','herbarbeleg',NULL,'1782038146469-a77pozcmlav.JPG','2026-06-21 10:35:46');
INSERT INTO observations VALUES(57,'betonbeete','2026-06-06','herbarbeleg',NULL,'1782038162286-m8kebcnsk1.JPG','2026-06-21 10:36:02');
INSERT INTO observations VALUES(58,'betonbeete','2026-06-06','herbarbeleg',NULL,'1782038239936-ue3ga65ttnr.JPG','2026-06-21 10:37:19');
INSERT INTO observations VALUES(59,'betonbeete','2026-06-06','herbarbeleg',NULL,'1782038468987-174owmlt1is.JPG','2026-06-21 10:41:08');
INSERT INTO observations VALUES(60,'betonbeete','2026-05-18','herbarbeleg',NULL,'1782038508654-on7w68u98z.JPG','2026-06-21 10:41:48');
INSERT INTO observations VALUES(61,'betonbeete','2026-06-06','herbarbeleg',NULL,'1782038691155-b3j7lb0ibli.JPG','2026-06-21 10:44:51');
INSERT INTO observations VALUES(62,'betonbeete','2026-05-19','herbarbeleg',NULL,'1782038704738-geyfxndhg6q.JPG','2026-06-21 10:45:04');
INSERT INTO observations VALUES(63,'betonbeete','2026-06-06','herbarbeleg',NULL,'1782038777854-7v0caknqrd.JPG','2026-06-21 10:46:17');
INSERT INTO observations VALUES(65,'betonbeete','2026-06-21','notiz','Hansen/Stahl','1782039164629-rmq47y9nts.png','2026-06-21 10:52:44');
INSERT INTO observations VALUES(66,'betonbeete','2026-06-21','notiz','Gaissmayer','1782039376717-yde6hfm539h.png','2026-06-21 10:56:16');
INSERT INTO observations VALUES(67,'betonbeete','2026-06-21','notiz','Gaissmayer','1782039396582-poyfq3duic.png','2026-06-21 10:56:36');
INSERT INTO observations VALUES(68,'betonbeete','2026-06-21','foto','Gaissmayer','1782039906671-0jja8bizz5.png','2026-06-21 11:05:06');
INSERT INTO observations VALUES(69,'betonbeete','2026-06-21','notiz','Hansen/Stahl','1782040226609-oohmcnblmw.png','2026-06-21 11:10:26');
INSERT INTO observations VALUES(70,'betonbeete','2026-06-21','notiz','Pareys','1782040372126-uwuhkmze43.png','2026-06-21 11:12:52');
INSERT INTO observations VALUES(71,'betonbeete','2026-06-21','notiz','Hansen/Stahl','1782040593242-pe44qkl78a8.png','2026-06-21 11:16:33');
INSERT INTO observations VALUES(72,'betonbeete','2026-06-06','foto',NULL,'1782040953541-7vc5tylxw0l.jpg','2026-06-21 11:22:33');
INSERT INTO observations VALUES(73,'betonbeete','2026-05-21','foto',NULL,'1782040979892-bsvumn7ja3v.jpg','2026-06-21 11:22:59');
INSERT INTO observations VALUES(74,'betonbeete','2026-05-18','foto',NULL,'1782041405047-2sgh4vi4kc3.jpg','2026-06-21 11:30:05');
INSERT INTO observations VALUES(75,'betonbeete','2026-05-19','foto',NULL,'1782041425281-jg89ax4k009.jpg','2026-06-21 11:30:25');
INSERT INTO observations VALUES(76,'betonbeete','2026-06-06','foto',NULL,'1782041437782-jqlwxmjd52.jpg','2026-06-21 11:30:37');
INSERT INTO observations VALUES(77,'betonbeete','2026-05-18','foto',NULL,'1782041503247-bs7uk3vg6ip.jpg','2026-06-21 11:31:43');
INSERT INTO observations VALUES(78,'betonbeete','2026-05-21','foto',NULL,'1782041522715-a3jwqg8zsai.jpg','2026-06-21 11:32:02');
INSERT INTO observations VALUES(79,'betonbeete','2026-05-22','foto',NULL,'1782041591249-sb3kmaidygm.jpg','2026-06-21 11:33:11');
INSERT INTO observations VALUES(80,'betonbeete','2026-06-21','notiz','Pareys','1782041712734-ub1koga4ngs.png','2026-06-21 11:35:12');
INSERT INTO observations VALUES(81,'betonbeete','2026-06-06','foto',NULL,'1782041788652-fd7tjkirv9o.jpg','2026-06-21 11:36:28');
INSERT INTO observations VALUES(82,'betonbeete','2026-05-19','foto',NULL,'1782041884869-uesdyks658.jpg','2026-06-21 11:38:04');
INSERT INTO observations VALUES(83,'betonbeete','2026-05-21','foto',NULL,'1782041908586-8s37cfcwea2.jpg','2026-06-21 11:38:28');
INSERT INTO observations VALUES(84,'betonbeete','2026-06-06','foto',NULL,'1782041932020-ilewdlqt42.jpg','2026-06-21 11:38:52');
INSERT INTO observations VALUES(85,'betonbeete','2026-05-21','foto',NULL,'1782042014322-kv0tfdn1vjp.jpg','2026-06-21 11:40:14');
INSERT INTO observations VALUES(86,'betonbeete','2026-05-21','foto',NULL,'1782042024420-rqzy8bow4ga.jpg','2026-06-21 11:40:24');
INSERT INTO observations VALUES(87,'betonbeete','2026-05-21','foto',NULL,'1782042086772-72cc99tecey.jpg','2026-06-21 11:41:26');
INSERT INTO observations VALUES(88,'betonbeete','2026-06-21','notiz','Pareys','1782042240258-3v0ldzxik7c.png','2026-06-21 11:44:00');
INSERT INTO observations VALUES(89,'betonbeete','2026-05-21','notiz',NULL,'1782042306276-hdbiwv4l0q6.jpg','2026-06-21 11:45:06');
INSERT INTO observations VALUES(90,'betonbeete','2026-06-06','notiz',NULL,'1782042317492-j7yr1orq5r.jpg','2026-06-21 11:45:17');
INSERT INTO observations VALUES(91,'betonbeete','2026-06-21','notiz','Pareys','1782042454318-i86q98nxer.png','2026-06-21 11:47:34');
INSERT INTO observations VALUES(93,'betonbeete','2026-05-21','foto',NULL,'1782042593804-ctlxkctt4s.jpg','2026-06-21 11:49:53');
INSERT INTO observations VALUES(94,'betonbeete','2026-05-21','foto',NULL,'1782042604188-5pw5pi8qya.jpg','2026-06-21 11:50:04');
INSERT INTO observations VALUES(95,'betonbeete','2026-05-21','foto',NULL,'1782042710670-dkgwmio5a24.jpg','2026-06-21 11:51:50');
INSERT INTO observations VALUES(96,'betonbeete','2026-05-21','foto',NULL,'1782042723188-e5ce5o7i5s4.jpg','2026-06-21 11:52:03');
INSERT INTO observations VALUES(97,'betonbeete','2026-05-21','foto',NULL,'1782042909708-odd2srzgvw.jpg','2026-06-21 11:55:09');
INSERT INTO observations VALUES(98,'betonbeete','2026-06-21','notiz','Pareys','1782042947774-po5krgtnlri.png','2026-06-21 11:55:47');
INSERT INTO observations VALUES(99,'betonbeete','2026-05-21','notiz',NULL,'1782043044025-3r6r7il5s3k.jpg','2026-06-21 11:57:24');
INSERT INTO observations VALUES(101,'betonbeete','2026-06-21','notiz','Pareys','1782043191176-1vv1mx1hve3.png','2026-06-21 11:59:51');
INSERT INTO observations VALUES(102,'betonbeete','2026-05-21','foto',NULL,'1782043313996-7dafsz15lz9.jpg','2026-06-21 12:01:53');
INSERT INTO observations VALUES(103,'betonbeete','2026-05-21','foto',NULL,'1782043325595-4n2z8xvh4b.jpg','2026-06-21 12:02:05');
INSERT INTO observations VALUES(104,'betonbeete','2026-06-21','foto','Mitgenommen aus Gerswalde','1782043814202-jf958sc2by.JPG','2026-06-21 12:10:14');
INSERT INTO observations VALUES(105,'betonbeete','2026-06-21','notiz','Pareys','1782043936394-um8u2mm1qg7.png','2026-06-21 12:12:16');
INSERT INTO observations VALUES(106,'betonbeete','2026-06-06','foto',NULL,'1782044036460-i9vhsr2mg4.jpg','2026-06-21 12:13:56');
INSERT INTO observations VALUES(107,'betonbeete','2026-06-06','foto',NULL,'1782044050194-5w6pg3z7yzv.jpg','2026-06-21 12:14:10');
INSERT INTO observations VALUES(108,'betonbeete','2026-06-21','foto','Pareys','1782044333230-134aiohlbtm.png','2026-06-21 12:18:53');
INSERT INTO observations VALUES(109,'betonbeete','2026-06-06','foto',NULL,'1782044390416-xhphyv3ogpp.jpg','2026-06-21 12:19:50');
INSERT INTO observations VALUES(110,'betonbeete','2026-05-21','foto',NULL,'1782044564485-rctvzkfqx9m.jpg','2026-06-21 12:22:44');
INSERT INTO observations VALUES(111,'betonbeete','2026-06-06','foto',NULL,'1782044663435-eflokpircbj.jpg','2026-06-21 12:24:23');
INSERT INTO observations VALUES(112,'betonbeete','2026-05-18','foto',NULL,'1782044845103-k5k5066fmkh.jpg','2026-06-21 12:27:25');
INSERT INTO observations VALUES(113,'betonbeete','2026-05-18','foto',NULL,'1782044860520-auk8fa1sed.jpg','2026-06-21 12:27:40');
INSERT INTO observations VALUES(114,'betonbeete','2026-06-21','notiz','Pareys','1782045017055-p68pd8xnvtp.png','2026-06-21 12:30:17');
INSERT INTO observations VALUES(115,'betonbeete','2026-05-18','foto',NULL,'1782045109506-3qhrkkuma69.jpg','2026-06-21 12:31:49');
INSERT INTO observations VALUES(116,'betonbeete','2026-05-21','foto',NULL,'1782045283759-ul0thfug2cg.jpg','2026-06-21 12:34:43');
INSERT INTO observations VALUES(117,'betonbeete','2026-06-06','foto',NULL,'1782045300142-3encumvtjpc.jpg','2026-06-21 12:35:00');
INSERT INTO observations VALUES(118,'betonbeete','2026-06-21','notiz',NULL,'1782046054872-04ngy8sb8y97.png','2026-06-21 12:47:34');
INSERT INTO observations VALUES(119,'betonbeete','2026-05-21','foto',NULL,'1782046211408-y3yex5v2k2n.jpg','2026-06-21 12:50:11');
INSERT INTO observations VALUES(120,'betonbeete','2026-06-21','notiz',NULL,'1782046311996-xycyylo7h5c.png','2026-06-21 12:51:51');
INSERT INTO observations VALUES(121,'betonbeete','2026-06-06','foto',NULL,'1782046424543-5pehocwlm4t.jpg','2026-06-21 12:53:44');
INSERT INTO observations VALUES(122,'betonbeete','2026-05-21','foto',NULL,'1782046438727-c57adt2679t.jpg','2026-06-21 12:53:58');
INSERT INTO observations VALUES(123,'betonbeete','2026-05-18','foto',NULL,'1782056626150-tzs4mx03a2e.jpeg','2026-06-21 15:43:46');
INSERT INTO observations VALUES(124,'betonbeete','2026-05-18','foto',NULL,'1782056679166-uy750q6c1ji.jpeg','2026-06-21 15:44:39');
INSERT INTO observations VALUES(125,'betonbeete','2026-05-20','foto',NULL,'1782056854549-c58uepmgvzk.jpeg','2026-06-21 15:47:34');
INSERT INTO observations VALUES(127,'betonbeete','2026-05-21','foto',NULL,'1782057245620-ayt9e2kkk0g.jpeg','2026-06-21 15:54:05');
INSERT INTO observations VALUES(128,'betonbeete','2026-06-06','foto',NULL,'1782064631777-uhng634s9gc.jpg','2026-06-21 17:57:11');
INSERT INTO observations VALUES(129,'betonbeete','2026-06-06','foto',NULL,'1782064700927-luxtoajnpr.jpg','2026-06-21 17:58:20');
INSERT INTO observations VALUES(130,'betonbeete','2026-06-06','foto',NULL,'1782064900078-m3pea1rdqre.jpg','2026-06-21 18:01:40');
INSERT INTO observations VALUES(131,'betonbeete','2026-06-06','foto',NULL,'1782064912762-lqpsfvu9fp.jpg','2026-06-21 18:01:52');
INSERT INTO observations VALUES(132,'betonbeete','2026-06-06','foto',NULL,'1782065238680-qdbyt9w28w.jpg','2026-06-21 18:07:18');
INSERT INTO observations VALUES(133,'betonbeete','2026-06-06','foto',NULL,'1782066574618-ybxoromw9ch.jpg','2026-06-21 18:29:34');
INSERT INTO observations VALUES(134,'betonbeete','2026-06-06','foto',NULL,'1782066773679-8wjx90eekf6.jpg','2026-06-21 18:32:53');
INSERT INTO observations VALUES(135,'betonbeete','2026-05-18','foto',NULL,'1782066940230-6qr7f67hao6.jpg','2026-06-21 18:35:40');
INSERT INTO observations VALUES(136,'betonbeete','2026-05-18','foto',NULL,'1782067002469-rbk223el43n.jpeg','2026-06-21 18:36:42');
INSERT INTO observations VALUES(138,'betonbeete','2026-05-18','foto',NULL,'1782067055483-2ncns5zmp0f.jpeg','2026-06-21 18:37:35');
CREATE TABLE observation_plants (
    observation_id INTEGER NOT NULL REFERENCES observations(id) ON DELETE CASCADE,
    slug           TEXT NOT NULL,
    PRIMARY KEY (observation_id, slug)
  );
INSERT INTO observation_plants VALUES(1,'poppy');
INSERT INTO observation_plants VALUES(1,'sage');
INSERT INTO observation_plants VALUES(2,'tithonia');
INSERT INTO observation_plants VALUES(4,'bunias');
INSERT INTO observation_plants VALUES(5,'poppy');
INSERT INTO observation_plants VALUES(6,'achillea');
INSERT INTO observation_plants VALUES(7,'achillea');
INSERT INTO observation_plants VALUES(7,'poppy');
INSERT INTO observation_plants VALUES(8,'sage');
INSERT INTO observation_plants VALUES(9,'achillea');
INSERT INTO observation_plants VALUES(10,'achillea');
INSERT INTO observation_plants VALUES(11,'achillea');
INSERT INTO observation_plants VALUES(13,'anthemis');
INSERT INTO observation_plants VALUES(14,'anthemis');
INSERT INTO observation_plants VALUES(15,'atriplex');
INSERT INTO observation_plants VALUES(16,'atriplex');
INSERT INTO observation_plants VALUES(18,'atriplex');
INSERT INTO observation_plants VALUES(19,'poppy');
INSERT INTO observation_plants VALUES(20,'poppy');
INSERT INTO observation_plants VALUES(21,'poppy');
INSERT INTO observation_plants VALUES(21,'sage');
INSERT INTO observation_plants VALUES(22,'calendula_arvensis');
INSERT INTO observation_plants VALUES(22,'poppy');
INSERT INTO observation_plants VALUES(23,'poppy');
INSERT INTO observation_plants VALUES(24,'fumaria_officinalis');
INSERT INTO observation_plants VALUES(25,'fumaria_officinalis');
INSERT INTO observation_plants VALUES(27,'beta');
INSERT INTO observation_plants VALUES(28,'fagopyrum');
INSERT INTO observation_plants VALUES(29,'artemisia');
INSERT INTO observation_plants VALUES(30,'atriplex');
INSERT INTO observation_plants VALUES(31,'bunias');
INSERT INTO observation_plants VALUES(32,'anthemis');
INSERT INTO observation_plants VALUES(33,'diplotaxis');
INSERT INTO observation_plants VALUES(34,'fennel');
INSERT INTO observation_plants VALUES(35,'fumaria_officinalis');
INSERT INTO observation_plants VALUES(36,'mentha');
INSERT INTO observation_plants VALUES(37,'poppy');
INSERT INTO observation_plants VALUES(38,'phacelia');
INSERT INTO observation_plants VALUES(39,'sage');
INSERT INTO observation_plants VALUES(40,'phacelia');
INSERT INTO observation_plants VALUES(41,'calendula_arvensis');
INSERT INTO observation_plants VALUES(42,'chaerophyllum_temulum');
INSERT INTO observation_plants VALUES(43,'sage');
INSERT INTO observation_plants VALUES(44,'achillea');
INSERT INTO observation_plants VALUES(45,'medicago_lupulina');
INSERT INTO observation_plants VALUES(46,'euphorbia_helioscopia');
INSERT INTO observation_plants VALUES(47,'symphytum');
INSERT INTO observation_plants VALUES(48,'arenaria_serpyllifolia');
INSERT INTO observation_plants VALUES(49,'origano_vulgaris');
INSERT INTO observation_plants VALUES(50,'bunias');
INSERT INTO observation_plants VALUES(53,'chelidonium_majus');
INSERT INTO observation_plants VALUES(54,'chelidonium_majus');
INSERT INTO observation_plants VALUES(55,'diplotaxis');
INSERT INTO observation_plants VALUES(56,'erigeron_annuus');
INSERT INTO observation_plants VALUES(57,'erigeron_annuus');
INSERT INTO observation_plants VALUES(58,'fumaria_officinalis');
INSERT INTO observation_plants VALUES(59,'geranium_pusillum');
INSERT INTO observation_plants VALUES(60,'geranium_pusillum');
INSERT INTO observation_plants VALUES(61,'potentilla_reptans');
INSERT INTO observation_plants VALUES(62,'potentilla_reptans');
INSERT INTO observation_plants VALUES(63,'artemisia');
INSERT INTO observation_plants VALUES(65,'achillea');
INSERT INTO observation_plants VALUES(67,'achillea');
INSERT INTO observation_plants VALUES(68,'anthemis');
INSERT INTO observation_plants VALUES(69,'anthemis');
INSERT INTO observation_plants VALUES(70,'arenaria_serpyllifolia');
INSERT INTO observation_plants VALUES(71,'artemisia');
INSERT INTO observation_plants VALUES(72,'arenaria_serpyllifolia');
INSERT INTO observation_plants VALUES(73,'arenaria_serpyllifolia');
INSERT INTO observation_plants VALUES(74,'artemisia');
INSERT INTO observation_plants VALUES(75,'artemisia');
INSERT INTO observation_plants VALUES(76,'artemisia');
INSERT INTO observation_plants VALUES(77,'atriplex');
INSERT INTO observation_plants VALUES(78,'atriplex');
INSERT INTO observation_plants VALUES(79,'borago');
INSERT INTO observation_plants VALUES(80,'borago');
INSERT INTO observation_plants VALUES(81,'brassica_sabellica');
INSERT INTO observation_plants VALUES(82,'bunias');
INSERT INTO observation_plants VALUES(83,'bunias');
INSERT INTO observation_plants VALUES(84,'bunias');
INSERT INTO observation_plants VALUES(85,'calendula_arvensis');
INSERT INTO observation_plants VALUES(86,'calendula_arvensis');
INSERT INTO observation_plants VALUES(87,'chaerophyllum_temulum');
INSERT INTO observation_plants VALUES(88,'chaerophyllum_temulum');
INSERT INTO observation_plants VALUES(89,'chelidonium_majus');
INSERT INTO observation_plants VALUES(90,'chelidonium_majus');
INSERT INTO observation_plants VALUES(91,'chelidonium_majus');
INSERT INTO observation_plants VALUES(93,'diplotaxis');
INSERT INTO observation_plants VALUES(94,'diplotaxis');
INSERT INTO observation_plants VALUES(95,'erigeron_annuus');
INSERT INTO observation_plants VALUES(96,'erigeron_annuus');
INSERT INTO observation_plants VALUES(97,'euphorbia_helioscopia');
INSERT INTO observation_plants VALUES(98,'euphorbia_helioscopia');
INSERT INTO observation_plants VALUES(99,'fennel');
INSERT INTO observation_plants VALUES(101,'fumaria_officinalis');
INSERT INTO observation_plants VALUES(102,'geranium_pusillum');
INSERT INTO observation_plants VALUES(103,'geranium_pusillum');
INSERT INTO observation_plants VALUES(104,'euphorbia_helioscopia');
INSERT INTO observation_plants VALUES(105,'geranium_pusillum');
INSERT INTO observation_plants VALUES(106,'lactuca');
INSERT INTO observation_plants VALUES(107,'lactuca');
INSERT INTO observation_plants VALUES(108,'medicago_lupulina');
INSERT INTO observation_plants VALUES(109,'medicago_lupulina');
INSERT INTO observation_plants VALUES(110,'mentha');
INSERT INTO observation_plants VALUES(111,'nicotiana');
INSERT INTO observation_plants VALUES(112,'poppy');
INSERT INTO observation_plants VALUES(113,'poppy');
INSERT INTO observation_plants VALUES(114,'poppy');
INSERT INTO observation_plants VALUES(115,'phacelia');
INSERT INTO observation_plants VALUES(116,'potentilla_reptans');
INSERT INTO observation_plants VALUES(117,'potentilla_reptans');
INSERT INTO observation_plants VALUES(118,'potentilla_reptans');
INSERT INTO observation_plants VALUES(119,'symphytum');
INSERT INTO observation_plants VALUES(120,'symphytum');
INSERT INTO observation_plants VALUES(121,'verbascum');
INSERT INTO observation_plants VALUES(122,'verbascum');
INSERT INTO observation_plants VALUES(66,'achillea');
INSERT INTO observation_plants VALUES(123,'atriplex');
INSERT INTO observation_plants VALUES(123,'lamium');
INSERT INTO observation_plants VALUES(124,'bunias');
INSERT INTO observation_plants VALUES(125,'sage');
INSERT INTO observation_plants VALUES(127,'poppy');
INSERT INTO observation_plants VALUES(128,'acker');
INSERT INTO observation_plants VALUES(129,'acker');
INSERT INTO observation_plants VALUES(130,'ballota_nigra');
INSERT INTO observation_plants VALUES(131,'ballota_nigra');
INSERT INTO observation_plants VALUES(132,'karde');
INSERT INTO observation_plants VALUES(133,'faerber');
INSERT INTO observation_plants VALUES(134,'krause');
INSERT INTO observation_plants VALUES(135,'lamium');
INSERT INTO observation_plants VALUES(136,'geranium_pusillum');
INSERT INTO observation_plants VALUES(136,'lamium');
INSERT INTO observation_plants VALUES(138,'lamium');
CREATE TABLE custom_plants (
    slug     TEXT PRIMARY KEY,
    name     TEXT NOT NULL,
    name_de  TEXT,
    family   TEXT,
    color    TEXT,
    world_w  REAL NOT NULL DEFAULT 0.5,
    world_h  REAL NOT NULL DEFAULT 1.0,
    garden   TEXT NOT NULL DEFAULT 'betonbeete',
    created  TEXT NOT NULL DEFAULT (datetime('now'))
  );
INSERT INTO custom_plants VALUES('fumaria_officinalis','Fumaria officinalis','Echter Erdrauch','Papaveraceae','#e545e8',0.2999999999999999889,0.1000000000000000055,'betonbeete','2026-06-20 12:56:20');
INSERT INTO custom_plants VALUES('chaerophyllum_temulum','Chaerophyllum temulum','Betäubender Kälberkropf','Apiaceae','#d4c878',0.5,1.199999999999999956,'betonbeete','2026-06-21 09:52:52');
INSERT INTO custom_plants VALUES('medicago_lupulina','Medicago Lupulina','Hopfenluzerne','Fabaceae','#e6d519',0.2000000000000000111,0.1000000000000000055,'betonbeete','2026-06-21 10:01:25');
INSERT INTO custom_plants VALUES('euphorbia_helioscopia','Euphorbia helioscopia','Sonnenwend-Wolfsmilch','Euphorbiaceae','#a0c878',0.1000000000000000055,0.1000000000000000055,'betonbeete','2026-06-21 10:04:14');
INSERT INTO custom_plants VALUES('arenaria_serpyllifolia','Arenaria serpyllifolia','Quendel-Sandkraut','Caryophyllaceae','#f9f8eb',0.1000000000000000055,0.05000000000000000277,'betonbeete','2026-06-21 10:08:35');
INSERT INTO custom_plants VALUES('origano_vulgaris','Origano vulgaris','Oregano','Lamiaceae','#9b7fc7',0.2000000000000000111,0.2000000000000000111,'betonbeete','2026-06-21 10:24:29');
INSERT INTO custom_plants VALUES('chelidonium_majus','Chelidonium majus','Schöllkraut','Papaveraceae','#ffee38',0.2000000000000000111,0.2999999999999999889,'betonbeete','2026-06-21 10:28:44');
INSERT INTO custom_plants VALUES('erigeron_annuus','Erigeron annuus','Feinstrahl-Berufkraut','Asteraceae','#fffae5',0.1000000000000000055,0.2999999999999999889,'betonbeete','2026-06-21 10:33:22');
INSERT INTO custom_plants VALUES('geranium_pusillum','Geranium pusillum','Kleiner Storchenschnabel','Geraniaceae','#d47880',0.1000000000000000055,0.1499999999999999945,'betonbeete','2026-06-21 10:38:55');
INSERT INTO custom_plants VALUES('potentilla_reptans','Potentilla reptans','Kriechendes Fingerkraut','Rosaceae','#ffea00',0.2000000000000000111,0.1000000000000000055,'betonbeete','2026-06-21 10:43:26');
INSERT INTO custom_plants VALUES('lamium','Lamium purpureum','Taubnessel','Lamiaceae','#9b7fc7',0.2999999999999999889,0.2000000000000000111,'betonbeete','2026-06-21 15:42:35');
INSERT INTO custom_plants VALUES('ballota_nigra','Ballota nigra','Schwarznessel','Lamiaceae','#9b7fc7',0.5,0.6500000000000000222,'betonbeete','2026-06-21 16:26:19');
INSERT INTO custom_plants VALUES('karde','Dipsacus sylvestris','Große Karde','ll','#a0c878',0.5,2.299999999999999822,'betonbeete','2026-06-21 16:57:27');
INSERT INTO custom_plants VALUES('krause','Carduus crispus','Krause Ringdistel','dd','#a0c878',0.3499999999999999778,1.25,'betonbeete','2026-06-21 17:02:45');
INSERT INTO custom_plants VALUES('acker','Anchusa arvensis','Acker-Ochsenzunge','Fistulinaceaeds','#a0c878',0.25,0.2999999999999999889,'betonbeete','2026-06-21 17:14:11');
INSERT INTO custom_plants VALUES('stachel','Stachel','beere','Malvaceae','#a0c878',0.5,1.0,'betonbeete','2026-06-21 17:17:51');
INSERT INTO custom_plants VALUES('faerber','Coreopsis tinctoria','Färber-Mädchenauge','dfd','#a0c878',0.4000000000000000222,0.6500000000000000222,'betonbeete','2026-06-21 17:18:30');
INSERT INTO custom_plants VALUES('pestwurz','pestwurz','pestwurz','Orobanchaceae','#a0c878',0.5,1.0,'betonbeete','2026-06-21 17:24:08');
CREATE TABLE plant_info (
    slug    TEXT PRIMARY KEY,
    art     TEXT,
    wuchs   TEXT,
    hoehe   TEXT,
    breite  TEXT,
    frost   TEXT,
    wurzel  TEXT,
    updated TEXT NOT NULL DEFAULT (datetime('now'))
  , licht TEXT, boden TEXT, wasser TEXT, naehrstoff TEXT, ph TEXT, kuebel TEXT, bloom_months TEXT, invasiv TEXT);
INSERT INTO plant_info VALUES('borago','Einjährig','Aufrecht','50-70','40-60','bis -17 °C (bis Klimazone 7)','Pfahlwurzler','2026-06-21 13:37:11','Sonne bis Halbschatten','Durchlässig bis lehmig','Feucht bis frisch','Nährstoffreicher Boden','Sauer','Ja','[4,5,6,7,8]',NULL);
INSERT INTO plant_info VALUES('achillea','Staude','Aufrecht, Horstbildend','40-70','40-50','bis -40 °C','Pfahlwurzler','2026-06-21 13:44:40','Sonne','Durchlässig bis normal','Frisch bis trocken','Nährstoffreicher Boden','','Ja','[5,6,7,8]',NULL);
INSERT INTO plant_info VALUES('arenaria_serpyllifolia','Einjährig','Krautig, aufrechte Stängel','5-30','10-20','','Tiefwurzler','2026-06-21 13:53:17','Sonne','Sandig bis lehmig','Frisch bis trocken','Normaler Boden','','','[4,5,6,7,8]',NULL);
INSERT INTO plant_info VALUES('artemisia','Staude','Aufrecht','60-100','30-40','bis -23 °C','Flachwurzler','2026-06-21 14:32:55','Sonne bis Halbschatten','Sandig bis lehmig','Trocken','Nährstoffarmer bis normaler Boden','','Ja','[6,7,8]',NULL);
INSERT INTO plant_info VALUES('atriplex','Einjährig','Krautig, aufrecht','60-90','10-20','','Flachwurzler','2026-06-21 14:05:32','Sonne bis Halbschatten','Durchlässig bis humos','Feucht bis frisch','Nährstoffreicher Boden','','','[6,7,8]',NULL);
INSERT INTO plant_info VALUES('beta','Zweijährige','Aufrecht','30-60','20-30','','Pfahlwurzler','2026-06-21 14:07:19','Sonne','Durchlässig','Frisch','Nährstoffreicher Boden','','',NULL,NULL);
INSERT INTO plant_info VALUES('brassica_sabellica','Zweijährige','Krautig, aufrecht','80-150','20-50','bis -12 °C','Pfahlwurzler','2026-06-21 14:09:26','Sonne bis Halbschatten','Durchlässig bis humos','Frisch','Nährstoffreicher Boden','','','[4,5,6,7]',NULL);
INSERT INTO plant_info VALUES('bunias','Zweijährige','Aufrecht, buschig','20-150','20-40','','Herzwurzler','2026-06-21 14:32:02','Sonne bis Halbschatten','Humos bis lehmig','Frisch bis trocken','Nährstoffreicher Boden','','',NULL,'1.0');
INSERT INTO plant_info VALUES('calendula_arvensis','Einjährig','Aufrecht','10-20','20-30','','Pfahlwurzler','2026-06-21 14:20:11','Sonne','Durchlässig bis lehmig','Frisch bis trocken','Nährstoffreicher Boden','Basisch / Kalk','Ja','[4,5,6,7,8,9]',NULL);
INSERT INTO plant_info VALUES('chaerophyllum_temulum','Zweijährige','Krautig','120-140','50','','Pfahlwurzler','2026-06-21 14:22:08','Sonne bis Halbschatten','Durchlässig bis lehmig','Frisch','Nährstoffreicher Boden','','','[4,5,6]',NULL);
INSERT INTO plant_info VALUES('chelidonium_majus','Staude','Aufrecht','30-70','20-45','bis -23 °C','Pfahlwurzler','2026-06-21 14:25:56','Halbschatten bis Schatten','Durchlässig bis normal','Frisch bis trocken','Nährstoffreicher Boden','','',NULL,NULL);
INSERT INTO plant_info VALUES('artichoke','Staude','Grundständige Blattrosette, aufrechte Stängel','100-200','50-150','bis -17 °C (bis Klimazone 7)','Pfahlwurzler','2026-06-21 14:26:30','Sonne','Durchlässig bis humos','Frisch bis trocken','Nährstoffreicher Boden','','','[7,8,9]',NULL);
INSERT INTO plant_info VALUES('diplotaxis','Staude','Krautig','30-40','10-20','bis -17 °C (bis Klimazone 7)','Pfahlwurzler','2026-06-21 14:29:01','Sonne bis Halbschatten','Durchlässig bis humos','Frisch','Nährstoffreicher Boden','','Ja','[5,6,7,8,9]',NULL);
INSERT INTO plant_info VALUES('erigeron_annuus','Einjährig','Krautig, aufrechte, verzweigte Stängel','30-120','10-30','','Tiefwurzler','2026-06-21 14:31:44','Sonne','Durchlässig bis lehmig','Frisch','Nährstoffreicher Boden','','','[5,6,7,8,9]','1.0');
INSERT INTO plant_info VALUES('euphorbia_helioscopia','Einjährig','Krautig','10-40','10','','','2026-06-21 14:36:05','Sonne bis Halbschatten','Lehmig','','','','',NULL,NULL);
INSERT INTO plant_info VALUES('fagopyrum','Einjährig','Krautig, aufrecht','20-60','30','bis 4 °C','','2026-06-21 14:37:44','Sonne','Sandig bis lehmig','Frisch','Nährstoffarmer Boden','sauer','',NULL,NULL);
INSERT INTO plant_info VALUES('fennel','Zweijährige','Aufrecht','80-200','60-80','bis -28 °C','Pfahlwurzler','2026-06-21 14:44:22','Sonne','Durchlässig bis normal','Frisch bis trocken','Nährstoffreicher Boden','','','[6,7]',NULL);
INSERT INTO plant_info VALUES('fumaria_officinalis','Einjährig','Krautig','10-30','30','','Pfahlwurzler','2026-06-21 14:46:05','Sonne bis Halbschatten','Durchlässig bis humos','Frisch','Nährstoffreicher Boden','','','[4,5,6,7,8]',NULL);
INSERT INTO plant_info VALUES('geranium_pusillum','Staude','Niederliegend oder aufsteigend','15-30','10-30','','Pfahlwurzler','2026-06-21 14:47:33','Sonne bis Halbschatten','Sandig bis lehmig','Frisch bis trocken','Nährstoffreicher Boden','','','[4,5,6,7,8]',NULL);
INSERT INTO plant_info VALUES('lactuca','Einjährig','Aufrecht, beblätterte Stängel','30-120','10-20','','Pfahlwurzler','2026-06-21 14:50:39','Sonne','Humos','Trocken','Nährstoffreicher Boden','','','[6,7,8]',NULL);
INSERT INTO plant_info VALUES('medicago_lupulina','Einjährig','Ausdauernd, flach kriechend','10-40','20','','Pfahlwurzler','2026-06-21 14:53:32','Sonne bis Halbschatten','Durchlässig bis lehmig','Frisch bis trocken','','Basisch / Kalk','','[4,5,6,7,8,9]',NULL);
INSERT INTO plant_info VALUES('mentha','Staude','Aufrecht, buschig','30-80','30-40','bis -40 °C','Flachwurzler','2026-06-21 14:56:42','Sonne bis Halbschatten','Durchlässig bis humos','Frisch','Nährstoffreicher Boden','','Ja','[6,7,8]',NULL);
INSERT INTO plant_info VALUES('nicotiana','Einjährig','','30-100','40','','','2026-06-21 14:59:31','','','','','','',NULL,NULL);
INSERT INTO plant_info VALUES('origano_vulgaris','Staude','Versament','20-50','20-40','bis -28 °C','Flachwurzler','2026-06-21 15:01:21','Sonne','Durchlässig bis normal','Trocken','Nährstoffreicher Boden','Basisch / Kalk','Ja','[6,7,8]',NULL);
INSERT INTO plant_info VALUES('poppy','Einjährig','Aufrecht','20-80','30','bis -28 °C','Pfahlwurzler','2026-06-21 15:05:58','Sonne','Sandig bis lehmig','Frisch','Nährstoffreicher Boden','Basisch / Kalk','ja','[4,5,6]',NULL);
INSERT INTO plant_info VALUES('phacelia','Einjährig','Krautig','20-120','40-60','','Flachwurzler','2026-06-21 15:07:16','Sonne bis Halbschatten','Durchlässig bis normal','Frisch bis trocken','Normaler Boden','','','[5,6,7,8]',NULL);
INSERT INTO plant_info VALUES('potentilla_reptans','Staude','Horstbildend','10-15','20-25','','Pfahlwurzler','2026-06-21 15:16:27','Sonne bis Halbschatten','Sandig bis lehmig','Feucht bis frisch','Nährstoffreicher Boden','','','[5,6,7]',NULL);
INSERT INTO plant_info VALUES('sage','Staude','Halbstrauch mit kräftig verzweigtem Wurzelstock, aufrecht, horstig, buschig','10-100','20-70','bis -23 °C','Flachwurzler','2026-06-21 15:18:29','Sonne','Durchlässig bis normal','Frisch bis trocken','Normaler Boden','Basisch / Kalk','Ja','[5,6,7]',NULL);
INSERT INTO plant_info VALUES('symphytum','Staude','Buschig','30-100','40-50','bis -28 °C','Tiefwurzler','2026-06-21 15:20:36','Sonne bis Halbschatten','Sandig bis lehmig','Feucht bis frisch','Normaler bis nährstoffreicher Boden','Basisch / Kalk','','[4,5,6]',NULL);
INSERT INTO plant_info VALUES('nasturtium','Einjährig','Kletternd','20-300','50','','Flachwurzler','2026-06-21 15:22:49','Sonne bis Halbschatten','Durchlässig bis humos','Frisch','Normaler bis nährstoffreicher Boden','','ja','[4,5,6,7,8,9]',NULL);
INSERT INTO plant_info VALUES('verbascum','Zweijährige','Aufrecht','60-120','30-60','bis -28 °C','Pfahlwurzler','2026-06-21 15:24:20','Sonne','Sandig bis lehmig','Frisch bis trocken','Nährstoffarmer bis normaler Boden','Sauer bis kalkhaltig','','[5,6,7]',NULL);
INSERT INTO plant_info VALUES('acker','Staude','Krautig, aufrecht beblätterter Blütenstängel','20-40','20-30','bis -23 °C','Pfahlwurzler','2026-06-21 18:00:08','Sonne','Durchlässig bis normal','Frisch','Nährstoffreicher Boden','','','[4,5,6,7,8]',NULL);
INSERT INTO plant_info VALUES('ballota_nigra','Staude','Aufrecht','30-100','40-60','bis -23 °C','Flachwurzler','2026-06-21 18:03:30','Sonne bis Halbschatten','Sandig bis lehmig','Frisch bis trocken','Normaler bis nährstoffreicher Boden','','','[6,7,8]',NULL);
INSERT INTO plant_info VALUES('karde','','','200-260','50','','','2026-06-21 18:06:41','','','','','','','[6,7]',NULL);
INSERT INTO plant_info VALUES('faerber','Einjährig','','50-80','40','','','2026-06-21 18:30:53','Sonne','Durchlässig','Frisch bis trocken','Normaler Boden','','',NULL,NULL);
INSERT INTO plant_info VALUES('krause','Zweijährige','Krautig, aufrechte Stängel','50-200','30-40','bis -23 °C','Pfahlwurzler','2026-06-21 18:34:17','Sonne bis Schatten','Durchlässig bis lehmig','Feucht bis frisch','Nährstoffreicher Boden','','',NULL,NULL);
INSERT INTO plant_info VALUES('lamium','Einjährig','Aufrecht','5-35','30','','Flachwurzler','2026-06-21 18:39:28','Halbschatten','Sandig bis lehmig','Frisch','Nährstoffreicher Boden','','','[2,3,4,5,6,7,8,9]',NULL);
CREATE TABLE bed_images (
    id        INTEGER PRIMARY KEY AUTOINCREMENT,
    garden    TEXT NOT NULL DEFAULT 'betonbeete',
    bed_index INTEGER NOT NULL,
    filename  TEXT NOT NULL,
    created   TEXT NOT NULL DEFAULT (datetime('now')),
    UNIQUE(garden, bed_index)
  );
INSERT INTO bed_images VALUES(1,'betonbeete',0,'1782058034033-k5oll0rdc0m.jpg','2026-06-21 16:07:14');
INSERT INTO bed_images VALUES(2,'betonbeete',1,'1782058765738-ah6dg5u2825.jpg','2026-06-21 16:19:25');
INSERT INTO bed_images VALUES(3,'betonbeete',2,'1782060652985-6g6j612ns6j.jpg','2026-06-21 16:50:52');
INSERT INTO bed_images VALUES(4,'betonbeete',3,'1782061281817-qi3lt18zdm.jpg','2026-06-21 17:01:21');
INSERT INTO bed_images VALUES(5,'betonbeete',4,'1782061748388-gkjfcv84h3o.jpg','2026-06-21 17:09:08');
INSERT INTO bed_images VALUES(6,'betonbeete',5,'1782062455931-414ypvbz9ir.jpg','2026-06-21 17:20:55');
INSERT INTO bed_images VALUES(7,'betonbeete',6,'1782062896501-ex8i3gg44ev.jpg','2026-06-21 17:28:16');
INSERT INTO bed_images VALUES(8,'betonbeete',7,'1782063625472-xsau7gm97t.jpg','2026-06-21 17:40:25');
INSERT INTO bed_images VALUES(9,'betonbeete',8,'1782064046080-nva59z9u5xk.jpg','2026-06-21 17:47:26');
INSERT INTO sqlite_sequence VALUES('images',2);
INSERT INTO sqlite_sequence VALUES('observations',138);
INSERT INTO sqlite_sequence VALUES('bed_images',9);
COMMIT;
